"IT_ASSET_INV_SUMMARY_ID"	"ASSET_DESC_ID"	"INV_SUMMARY_DATE"	"NUM_AVAILABLE"	"NUM_ASSGND_USE"	"NUM_ASSGND_SUPPORT"
762	4003	09-SEP-2022 12:00:00 AM	1	0	0
763	4001	09-SEP-2022 12:00:00 AM	1	1	1
764	4000	09-SEP-2022 12:00:00 AM	0	0	0
765	258	09-SEP-2022 12:00:00 AM	2	2	0
766	352	09-SEP-2022 12:00:00 AM	1	1	2
767	199	09-SEP-2022 12:00:00 AM	3	1	0
768	655	09-SEP-2022 12:00:00 AM	2	0	0
769	258	09-SEP-2022 12:00:00 AM	3	1	0
770	6245	09-SEP-2022 12:00:00 AM	1	2	2
771	322	09-SEP-2022 08:00:00 AM	1	2	2
772	322	09-SEP-2022 08:00:00 AM	3	0	0
773	118	09-SEP-2022 08:24:53 AM	24	5	3
774	118	09-SEP-2022 08:29:50 AM	14	5	2
775	112	09-SEP-2022 08:55:33 AM	1	1	2
776	113	09-SEP-2022 08:55:49 AM	1	1	0
777	19	09-SEP-2022 08:56:40 AM	0	0	1
778	19	09-SEP-2022 08:57:35 AM	1	0	1
779	19	09-SEP-2022 08:59:02 AM	1	0	2
780	19	09-SEP-2022 08:59:46 AM	2	0	2
781	19	09-SEP-2022 09:02:01 AM	2	0	3
782	19	09-SEP-2022 09:03:11 AM	3	0	3
783	786	09-SEP-2022 09:06:18 AM	0	0	0
784	19	09-SEP-2022 09:10:33 AM	0	0	0
785	324	09-SEP-2022 10:10:10 AM	1	1	3
786	324	09-SEP-2022 10:10:10 AM	1	1	2
787	19	09-SEP-2022 11:00:16 AM	2	1	3
788	19	09-SEP-2022 11:07:10 AM	1	2	3
789	19	09-SEP-2022 12:40:23 PM	0	3	3
790	37	09-SEP-2022 09:53:01 PM	0	0	0
791	37	09-SEP-2022 10:24:30 PM	0	0	1
792	37	09-SEP-2022 10:24:42 PM	1	0	1
793	37	09-SEP-2022 10:24:50 PM	0	1	1
794	37	09-SEP-2022 10:25:05 PM	0	1	2
795	37	09-SEP-2022 10:25:27 PM	1	1	2
796	37	09-SEP-2022 10:28:52 PM	0	2	2
797	37	09-SEP-2022 10:31:56 PM	0	2	3
798	37	09-SEP-2022 10:32:59 PM	1	2	3
799	292	09-SEP-2022 11:07:03 PM	1	0	0
800	292	09-SEP-2022 11:07:16 PM	2	0	0
802	656	10-SEP-2022 12:00:00 AM	3	0	0
803	199	10-SEP-2022 12:00:00 AM	3	0	1
804	1629	10-SEP-2022 03:00:00 AM	1	2	3
805	1629	10-SEP-2022 03:00:00 AM	3	0	3
806	19	10-SEP-2022 08:48:04 AM	0	2	3
807	786	10-SEP-2022 10:01:52 AM	0	0	1
808	786	10-SEP-2022 10:02:31 AM	1	0	0
809	786	10-SEP-2022 10:03:47 AM	1	0	2
810	786	10-SEP-2022 10:04:16 AM	2	0	2
811	786	10-SEP-2022 10:05:54 AM	2	0	3
812	786	10-SEP-2022 10:06:16 AM	3	0	3
813	19	10-SEP-2022 10:42:06 AM	0	2	2
814	368	10-SEP-2022 02:20:00 PM	1	0	1
815	367	10-SEP-2022 02:20:00 PM	1	1	0
816	366	10-SEP-2022 02:20:00 PM	1	1	0
817	364	10-SEP-2022 02:20:00 PM	1	0	1
818	365	10-SEP-2022 02:20:00 PM	1	1	0
819	69	10-SEP-2022 03:45:50 PM	0	2	3
820	23	10-SEP-2022 03:49:43 PM	2	1	3
821	29	10-SEP-2022 03:50:04 PM	2	1	0
822	786	10-SEP-2022 04:03:50 PM	2	1	3
823	786	10-SEP-2022 04:06:03 PM	1	2	3
824	786	10-SEP-2022 04:08:02 PM	0	3	3
825	786	10-SEP-2022 04:08:02 PM	0	2	3
826	69	10-SEP-2022 05:53:33 PM	0	2	2
827	199	11-SEP-2022 12:00:00 AM	2	1	1
828	571	11-SEP-2022 12:00:00 AM	1	1	0
829	572	11-SEP-2022 12:00:00 AM	1	1	0
830	573	11-SEP-2022 12:00:00 AM	1	0	1
831	574	11-SEP-2022 12:00:00 AM	5	5	0
832	570	11-SEP-2022 12:00:00 AM	2	2	0
833	1625	11-SEP-2022 09:06:43 AM	2	1	0
834	1625	11-SEP-2022 09:06:43 AM	0	1	0
835	1625	11-SEP-2022 09:06:43 AM	1	0	0
836	30	11-SEP-2022 03:34:01 PM	1	1	3
837	235	11-SEP-2022 03:36:02 PM	1	1	0
838	30	11-SEP-2022 06:04:06 PM	1	1	2
839	235	11-SEP-2022 06:04:26 PM	1	1	0
840	271	11-SEP-2022 09:27:22 PM	2	1	2
841	37	11-SEP-2022 10:22:48 PM	1	1	3
842	37	11-SEP-2022 10:28:08 PM	1	1	2
843	62	11-SEP-2022 10:38:33 PM	0	1	2
844	166	11-SEP-2022 10:38:51 PM	0	1	0
845	62	11-SEP-2022 10:39:55 PM	0	1	1
846	327	11-SEP-2022 11:59:59 PM	1	2	1
847	327	11-SEP-2022 11:59:59 PM	1	2	0
848	327	11-SEP-2022 11:59:59 PM	2	1	0
849	327	11-SEP-2022 11:59:59 PM	1	2	2
850	327	11-SEP-2022 11:59:59 PM	2	0	0
851	327	11-SEP-2022 11:59:59 PM	1	0	0
852	327	11-SEP-2022 11:59:59 PM	1	2	2
853	327	11-SEP-2022 11:59:59 PM	1	1	2
854	327	11-SEP-2022 11:59:59 PM	1	2	3
855	327	11-SEP-2022 11:59:59 PM	3	0	0
856	1629	12-SEP-2022 03:00:00 AM	1	2	2
857	1629	12-SEP-2022 03:00:00 AM	0	1	2
858	360	12-SEP-2022 03:50:21 PM	1	0	0
859	360	12-SEP-2022 03:50:21 PM	1	0	0
860	360	12-SEP-2022 03:50:21 PM	4	3	2
861	347	13-SEP-2022 12:06:46 AM	0	0	0
862	347	14-SEP-2022 09:31:49 AM	0	0	1
863	347	14-SEP-2022 09:32:10 AM	1	0	1
864	347	14-SEP-2022 09:38:02 AM	1	0	2
865	347	14-SEP-2022 09:38:53 AM	2	0	2
866	347	14-SEP-2022 09:42:46 AM	2	0	3
867	347	14-SEP-2022 09:44:06 AM	3	0	3
868	347	16-SEP-2022 11:51:13 AM	2	1	3
869	347	16-SEP-2022 11:56:15 AM	1	2	3
870	23	17-SEP-2022 04:04:54 PM	1	1	3
871	29	17-SEP-2022 04:07:04 PM	1	1	0
872	23	17-SEP-2022 04:14:42 PM	1	1	2
873	29	17-SEP-2022 04:15:02 PM	1	1	0
874	901	28-SEP-2022 12:00:00 AM	1	1	1
875	901	28-SEP-2022 12:00:00 AM	1	0	0
876	901	28-SEP-2022 12:00:00 AM	2	1	1
877	102	28-SEP-2022 09:52:32 AM	0	0	0
878	140	28-SEP-2022 09:52:52 AM	0	0	0
879	102	28-SEP-2022 10:10:38 AM	0	0	1
880	102	28-SEP-2022 10:11:53 AM	1	0	1
881	102	28-SEP-2022 10:12:45 AM	1	1	2
882	140	28-SEP-2022 10:12:56 AM	1	0	0
883	140	28-SEP-2022 10:13:34 AM	1	1	0
884	102	28-SEP-2022 11:11:11 AM	0	2	2
885	140	28-SEP-2022 11:12:12 AM	0	2	0
886	102	28-SEP-2022 11:12:41 AM	1	0	2
887	102	28-SEP-2022 11:13:01 AM	2	0	2
888	140	28-SEP-2022 11:13:48 AM	2	0	0
889	102	29-SEP-2022 11:14:59 AM	0	2	3
890	102	29-SEP-2022 11:16:17 AM	1	2	3
891	140	29-SEP-2022 11:18:09 AM	1	2	0
892	102	29-SEP-2022 12:14:31 PM	0	3	3
893	140	29-SEP-2022 12:14:53 PM	0	3	0
894	4564	30-SEP-2022 12:00:00 AM	2	2	1
895	4565	30-SEP-2022 12:00:00 AM	3	2	1
896	4563	30-SEP-2022 12:00:00 AM	1	1	1
897	712	01-OCT-2022 07:46:53 AM	0	1	1
898	713	01-OCT-2022 07:46:53 AM	1	0	1
899	705	01-OCT-2022 07:46:53 AM	0	1	1
900	747	01-OCT-2022 11:25:20 AM	1	0	0
901	747	01-OCT-2022 11:30:15 AM	2	1	0
902	747	01-OCT-2022 11:35:20 AM	5	2	3
903	1615	02-OCT-2022 07:35:15 PM	0	1	1
904	261	06-OCT-2022 08:00:00 AM	1	0	0
905	261	06-OCT-2022 08:00:00 AM	1	0	0
906	261	06-OCT-2022 08:00:00 AM	1	0	0
907	261	06-OCT-2022 08:00:00 AM	1	0	0
908	261	06-OCT-2022 08:00:00 AM	1	0	0
909	264	06-OCT-2022 09:00:00 AM	1	0	0
910	264	06-OCT-2022 09:00:00 AM	1	0	0
911	265	06-OCT-2022 10:00:00 AM	1	0	0
912	265	06-OCT-2022 10:00:00 AM	1	0	0
913	265	06-OCT-2022 10:00:00 AM	1	0	0
914	421	07-OCT-2022 10:44:54 AM	0	2	2
915	102	08-OCT-2022 12:05:43 PM	0	2	3
916	140	08-OCT-2022 12:06:14 PM	0	2	0
917	102	08-OCT-2022 01:38:46 PM	0	2	2
918	140	08-OCT-2022 01:38:46 PM	0	2	0
919	177	10-OCT-2022 08:10:24 AM	3	0	3
920	177	10-OCT-2022 09:19:00 AM	1	0	0
921	692	15-OCT-2022 12:15:00 AM	1	0	0
922	692	15-OCT-2022 12:20:00 AM	2	0	0
923	692	15-OCT-2022 12:25:00 AM	3	0	0
924	692	15-OCT-2022 01:00:00 AM	2	1	0
925	692	15-OCT-2022 01:20:00 AM	1	2	1
926	692	15-OCT-2022 01:20:00 AM	2	1	1
927	692	15-OCT-2022 01:40:00 AM	1	2	3
928	692	15-OCT-2022 01:40:00 AM	1	2	2
929	102	15-OCT-2022 05:16:25 PM	0	1	2
930	140	15-OCT-2022 05:17:43 PM	0	1	0
931	692	16-OCT-2022 09:40:00 AM	1	1	2
932	692	16-OCT-2022 11:20:00 AM	0	2	2
933	41	01-NOV-2022 11:42:13 AM	0	0	3
934	304	10-NOV-2022 09:02:25 AM	2	0	0
935	305	10-NOV-2022 09:02:25 AM	1	2	0
936	823	18-NOV-2022 11:05:40 AM	0	0	0
937	824	18-NOV-2022 11:06:00 AM	0	0	0
938	823	19-NOV-2022 11:25:49 AM	0	0	1
939	823	19-NOV-2022 11:25:56 AM	1	0	1
940	824	19-NOV-2022 11:26:02 AM	1	0	0
941	823	19-NOV-2022 11:26:41 AM	1	0	2
942	823	19-NOV-2022 11:26:54 AM	2	0	2
943	824	19-NOV-2022 11:26:59 AM	2	0	0
944	823	19-NOV-2022 11:27:50 AM	2	0	3
945	823	19-NOV-2022 11:27:58 AM	3	0	3
946	824	19-NOV-2022 11:28:06 AM	3	0	0
947	823	20-NOV-2022 11:23:54 AM	2	1	3
948	824	20-NOV-2022 11:24:02 AM	2	1	0
949	823	20-NOV-2022 11:26:49 AM	1	2	3
950	824	20-NOV-2022 11:26:58 AM	1	2	0
951	812	23-NOV-2022 07:14:03 AM	0	0	0
952	814	23-NOV-2022 07:14:38 AM	0	0	0
953	812	28-NOV-2022 08:18:05 AM	0	0	1
954	812	28-NOV-2022 08:18:24 AM	1	0	1
955	814	28-NOV-2022 08:18:40 AM	1	0	0
956	812	28-NOV-2022 08:21:14 AM	1	0	2
957	812	28-NOV-2022 08:21:41 AM	2	0	2
958	814	28-NOV-2022 08:22:02 AM	2	0	0
959	812	28-NOV-2022 08:28:28 AM	2	0	3
801	292	09-SEP-2022 11:07:19 PM	3	0	0
42	8	26-FEB-2021 03:24:47 PM	4	2	0
43	7	26-FEB-2021 03:25:11 PM	4	2	7
44	7	26-FEB-2021 03:26:11 PM	5	2	7
45	8	26-FEB-2021 03:26:52 PM	5	2	0
46	7	26-FEB-2021 03:27:06 PM	5	2	8
47	7	26-FEB-2021 03:27:33 PM	6	2	8
48	8	26-FEB-2021 03:27:39 PM	6	2	0
49	7	26-FEB-2021 03:27:41 PM	6	2	9
50	7	26-FEB-2021 03:27:47 PM	7	2	9
51	8	26-FEB-2021 03:27:53 PM	7	2	0
52	7	26-FEB-2021 03:27:56 PM	7	2	10
53	7	26-FEB-2021 03:28:36 PM	8	2	10
54	8	26-FEB-2021 03:28:56 PM	8	2	0
55	9	30-APR-2021 01:45:47 PM	0	0	0
56	10	30-APR-2021 01:46:10 PM	0	0	0
57	9	30-APR-2021 02:01:29 PM	0	0	1
58	9	30-APR-2021 02:02:00 PM	1	0	1
59	10	30-APR-2021 02:02:54 PM	1	0	0
60	9	30-APR-2021 02:03:31 PM	1	0	2
61	9	30-APR-2021 02:04:02 PM	2	0	2
62	10	30-APR-2021 02:04:24 PM	2	0	0
63	9	30-APR-2021 02:05:09 PM	2	0	3
64	9	30-APR-2021 02:05:52 PM	3	0	3
65	10	30-APR-2021 02:06:37 PM	3	0	0
66	9	30-APR-2021 02:07:19 PM	3	0	4
67	9	30-APR-2021 02:07:55 PM	4	0	4
68	10	30-APR-2021 02:08:20 PM	4	0	0
69	9	30-APR-2021 02:08:50 PM	4	0	5
70	9	30-APR-2021 02:09:28 PM	5	0	5
71	10	30-APR-2021 02:09:54 PM	5	0	0
72	8	01-MAY-2021 10:44:29 AM	7	3	0
73	10	01-MAY-2021 10:44:41 AM	4	0	0
74	9	01-MAY-2021 10:44:57 AM	4	1	5
75	11	15-SEP-2021 02:46:09 PM	0	0	0
76	11	15-SEP-2021 03:50:41 PM	0	0	1
77	11	15-SEP-2021 03:51:01 PM	9	1	1
78	11	15-SEP-2021 03:52:10 PM	10	0	1
79	11	15-SEP-2021 04:59:42 PM	8	2	1
80	9	03-JAN-2022 09:02:13 AM	2	1	0
81	9	03-JAN-2022 09:02:13 AM	1	0	0
82	244	03-JAN-2022 09:06:08 AM	1	0	0
83	244	03-JAN-2022 09:06:08 AM	1	0	0
84	244	03-JAN-2022 09:20:40 AM	2	1	0
85	300	04-JAN-2022 10:27:12 AM	1	0	0
86	300	04-JAN-2022 10:28:36 AM	1	0	0
87	300	04-JAN-2022 10:29:04 AM	1	0	0
88	12	09-JAN-2022 10:22:31 AM	0	0	0
89	13	09-JAN-2022 10:23:01 AM	0	0	0
90	12	09-JAN-2022 03:07:28 PM	0	0	1
91	12	09-JAN-2022 03:08:01 PM	1	0	1
92	13	09-JAN-2022 03:08:46 PM	1	0	0
93	12	09-JAN-2022 04:03:13 PM	1	0	2
94	12	09-JAN-2022 04:03:41 PM	2	0	2
95	13	09-JAN-2022 04:04:14 PM	2	0	0
96	12	09-JAN-2022 04:09:16 PM	2	0	3
97	12	09-JAN-2022 04:09:49 PM	3	0	3
98	13	09-JAN-2022 04:10:12 PM	3	0	0
99	12	09-JAN-2022 04:30:43 PM	3	0	4
100	12	09-JAN-2022 04:31:03 PM	4	0	4
101	13	09-JAN-2022 04:31:39 PM	4	0	0
102	12	09-JAN-2022 04:34:35 PM	4	0	5
103	12	09-JAN-2022 04:34:58 PM	5	0	5
104	13	09-JAN-2022 04:35:08 PM	5	0	0
105	12	09-JAN-2022 04:35:10 PM	5	0	6
106	12	09-JAN-2022 04:35:23 PM	6	0	6
107	13	09-JAN-2022 04:35:42 PM	6	0	0
108	12	09-JAN-2022 04:35:59 PM	6	0	7
109	12	09-JAN-2022 04:36:13 PM	7	0	7
110	13	09-JAN-2022 04:36:22 PM	7	0	0
111	12	09-JAN-2022 04:36:48 PM	7	0	8
112	12	09-JAN-2022 04:37:05 PM	8	0	8
113	13	09-JAN-2022 04:37:29 PM	8	0	0
114	12	12-JAN-2022 10:53:12 AM	7	1	8
115	13	12-JAN-2022 10:53:34 AM	7	1	0
116	12	14-JAN-2022 10:56:14 AM	6	2	8
117	13	14-JAN-2022 10:56:30 AM	6	2	0
118	12	14-JAN-2022 10:56:40 AM	5	3	8
119	13	14-JAN-2022 11:00:03 AM	5	3	0
120	7	20-JAN-2022 08:14:12 AM	8	2	10
121	3	20-JAN-2022 08:14:37 AM	0	0	1
122	4	20-JAN-2022 08:15:02 AM	0	0	1
123	5	20-JAN-2022 08:15:16 AM	0	0	1
124	6	20-JAN-2022 08:17:47 AM	0	0	1
125	2	20-JAN-2022 10:27:30 AM	0	0	1
126	12	22-JAN-2022 03:25:11 PM	5	2	8
127	13	22-JAN-2022 03:25:46 PM	5	2	0
128	12	22-JAN-2022 04:30:28 PM	5	2	7
129	12	22-JAN-2022 04:40:47 PM	4	4	8
130	13	22-JAN-2022 04:48:32 PM	4	4	0
131	21	03-FEB-2022 05:25:10 PM	3	2	1
132	137	11-FEB-2022 11:00:00 AM	1	1	1
133	138	11-FEB-2022 11:00:00 AM	1	1	1
134	138	16-FEB-2022 11:00:00 AM	1	1	1
135	340	08-MAR-2022 10:05:05 AM	0	2	2
136	342	08-MAR-2022 11:57:02 AM	1	1	1
137	341	08-MAR-2022 11:57:02 AM	0	0	0
138	340	08-MAR-2022 11:57:02 AM	1	1	1
139	123	12-MAR-2022 01:32:18 PM	0	0	0
140	124	12-MAR-2022 01:32:49 PM	0	0	0
141	123	12-MAR-2022 01:36:11 PM	0	0	1
142	123	12-MAR-2022 01:36:35 PM	1	0	1
143	124	12-MAR-2022 01:36:53 PM	1	0	0
144	123	12-MAR-2022 01:37:21 PM	1	0	2
145	123	12-MAR-2022 01:37:42 PM	2	0	2
146	124	12-MAR-2022 01:38:04 PM	2	0	0
147	123	12-MAR-2022 01:39:40 PM	2	0	3
148	123	12-MAR-2022 01:40:06 PM	3	0	3
149	124	12-MAR-2022 01:40:38 PM	3	0	0
150	123	14-MAR-2022 01:20:28 PM	2	1	3
151	124	14-MAR-2022 01:21:41 PM	2	1	0
152	123	14-MAR-2022 01:44:41 PM	1	2	3
153	124	14-MAR-2022 01:46:56 PM	1	2	0
154	123	15-MAR-2022 11:45:48 AM	0	3	3
155	124	15-MAR-2022 11:50:47 AM	0	3	0
156	119	15-MAY-2022 07:48:06 AM	0	0	0
157	120	15-MAY-2022 07:49:41 AM	0	0	0
158	119	15-MAY-2022 07:51:32 AM	0	0	1
159	119	15-MAY-2022 07:52:03 AM	1	0	1
160	120	15-MAY-2022 07:52:44 AM	1	0	0
1	745	14-DEC-2019 09:06:43 AM	1	0	0
2	745	14-DEC-2019 09:06:43 AM	3	0	0
3	745	14-DEC-2019 09:06:43 AM	2	0	0
4	1	14-APR-2020 08:54:01 AM	0	0	0
5	1	14-APR-2020 09:04:19 AM	0	0	1
6	321	20-AUG-2020 10:35:28 AM	1	0	0
7	321	20-AUG-2020 10:45:55 AM	2	1	0
8	3	10-JAN-2021 10:21:56 AM	0	0	0
9	2	10-JAN-2021 10:25:56 AM	0	0	0
10	4	10-JAN-2021 10:26:42 AM	0	0	0
11	6	10-JAN-2021 10:35:40 AM	0	0	0
12	5	10-JAN-2021 10:35:40 AM	0	0	0
13	6	10-JAN-2021 10:39:51 AM	0	0	1
14	1	10-JAN-2021 11:48:14 AM	0	0	0
15	2	12-JAN-2021 12:50:29 PM	0	0	1
16	3	12-JAN-2021 12:51:04 PM	0	0	1
17	4	12-JAN-2021 12:51:47 PM	0	0	1
18	5	12-JAN-2021 12:58:02 PM	0	0	1
19	7	20-FEB-2021 08:45:12 AM	0	0	0
20	8	20-FEB-2021 08:45:15 AM	0	0	0
21	7	26-FEB-2021 03:03:48 PM	0	0	1
22	7	26-FEB-2021 03:04:22 PM	1	0	1
23	8	26-FEB-2021 03:05:04 PM	1	0	0
24	7	26-FEB-2021 03:06:29 PM	0	1	1
25	8	26-FEB-2021 03:08:49 PM	0	1	0
26	7	26-FEB-2021 03:08:58 PM	0	1	2
27	7	26-FEB-2021 03:09:29 PM	1	1	2
28	8	26-FEB-2021 03:09:46 PM	1	1	0
29	7	26-FEB-2021 03:10:03 PM	0	2	2
30	8	26-FEB-2021 03:10:18 PM	0	2	0
31	7	26-FEB-2021 03:10:49 PM	0	2	3
32	7	26-FEB-2021 03:11:04 PM	1	2	3
33	8	26-FEB-2021 03:11:14 PM	1	2	0
34	7	26-FEB-2021 03:11:18 PM	1	2	4
35	7	26-FEB-2021 03:11:28 PM	2	2	4
36	8	26-FEB-2021 03:11:34 PM	2	2	0
37	7	26-FEB-2021 03:11:38 PM	2	2	5
38	7	26-FEB-2021 03:22:46 PM	3	2	5
39	8	26-FEB-2021 03:22:55 PM	3	2	0
40	7	26-FEB-2021 03:23:57 PM	3	2	6
41	7	26-FEB-2021 03:24:03 PM	4	2	6
1778	1142	23-SEP-2023 07:23:58 AM	1	2	0
1779	744	23-SEP-2023 08:07:51 AM	0	0	0
1780	746	23-SEP-2023 08:11:27 AM	0	0	0
1781	1190	23-SEP-2023 08:51:13 AM	0	0	0
1782	1191	23-SEP-2023 08:53:57 AM	0	0	0
1783	1192	23-SEP-2023 08:54:49 AM	0	0	0
1784	1153	23-SEP-2023 08:55:05 AM	0	0	0
1785	1154	23-SEP-2023 08:56:56 AM	0	0	0
1786	1179	23-SEP-2023 09:23:35 AM	0	0	1
1787	1179	23-SEP-2023 09:23:47 AM	1	0	1
1788	1362	23-SEP-2023 09:38:42 AM	0	0	0
1789	1363	23-SEP-2023 09:39:25 AM	0	0	0
1790	1364	23-SEP-2023 09:39:48 AM	0	0	0
1791	1179	23-SEP-2023 10:00:25 AM	1	0	2
1792	1179	23-SEP-2023 10:00:50 AM	2	0	2
1793	1362	23-SEP-2023 10:08:24 AM	0	0	1
1794	1362	23-SEP-2023 10:08:47 AM	1	0	1
1795	431	23-SEP-2023 10:12:51 AM	0	0	0
1796	840	23-SEP-2023 10:14:19 AM	0	0	0
1797	1131	23-SEP-2023 10:15:40 AM	2	1	3
1798	1363	23-SEP-2023 10:15:50 AM	0	0	1
1799	1363	23-SEP-2023 10:16:23 AM	1	0	1
1800	1132	23-SEP-2023 10:17:04 AM	2	1	0
1801	1179	23-SEP-2023 10:20:48 AM	2	0	3
1802	1131	23-SEP-2023 10:21:00 AM	1	2	3
1803	1179	23-SEP-2023 10:21:23 AM	3	0	3
1804	1132	23-SEP-2023 10:23:12 AM	1	2	0
1805	1364	23-SEP-2023 10:26:02 AM	0	0	1
1806	1364	23-SEP-2023 10:26:46 AM	1	0	1
1807	850	23-SEP-2023 10:27:09 AM	0	0	0
1808	1171	23-SEP-2023 10:32:57 AM	0	0	1
1809	133	23-SEP-2023 10:33:44 AM	2	1	3
1810	1171	23-SEP-2023 10:33:58 AM	0	0	2
1811	1172	23-SEP-2023 10:34:45 AM	0	0	1
1812	135	23-SEP-2023 10:35:10 AM	2	1	0
1813	1171	23-SEP-2023 10:36:48 AM	1	0	1
1814	1171	23-SEP-2023 10:37:17 AM	2	0	2
1815	1172	23-SEP-2023 10:38:38 AM	10	0	1
1816	133	23-SEP-2023 10:38:42 AM	1	2	3
1817	135	23-SEP-2023 10:40:59 AM	1	2	0
1818	1233	23-SEP-2023 12:33:40 PM	0	0	0
1819	1233	23-SEP-2023 12:34:08 PM	0	0	1
1820	1233	23-SEP-2023 12:34:19 PM	1	0	1
1821	1233	23-SEP-2023 12:36:02 PM	1	0	2
1822	1233	23-SEP-2023 12:36:14 PM	2	0	2
1823	1233	23-SEP-2023 12:38:16 PM	2	0	3
1824	1233	23-SEP-2023 12:38:24 PM	3	0	3
1825	1233	23-SEP-2023 12:40:39 PM	3	0	4
1826	1233	23-SEP-2023 12:40:52 PM	4	0	4
1827	1233	23-SEP-2023 12:42:43 PM	4	0	5
1828	1233	23-SEP-2023 12:43:09 PM	5	0	5
1829	1190	23-SEP-2023 01:34:28 PM	0	0	1
1830	1190	23-SEP-2023 01:34:58 PM	1	0	1
1831	1191	23-SEP-2023 01:37:15 PM	0	0	1
1832	1191	23-SEP-2023 01:37:47 PM	1	0	1
1833	1192	23-SEP-2023 01:39:40 PM	0	0	1
1834	1192	23-SEP-2023 01:40:20 PM	1	0	1
1835	1510	23-SEP-2023 02:00:56 PM	0	0	0
1836	1513	23-SEP-2023 02:01:10 PM	0	0	0
1837	1511	23-SEP-2023 02:13:35 PM	0	0	0
1838	1514	23-SEP-2023 02:14:02 PM	0	0	0
1839	1512	23-SEP-2023 02:18:53 PM	0	0	0
1840	1325	23-SEP-2023 03:37:50 PM	2	1	1
1841	668	23-SEP-2023 03:42:21 PM	2	2	5
1842	668	23-SEP-2023 03:43:01 PM	3	2	5
1843	1557	23-SEP-2023 03:44:57 PM	1	0	0
1844	668	23-SEP-2023 04:08:05 PM	3	2	6
1845	668	23-SEP-2023 04:08:29 PM	4	2	6
1846	1557	23-SEP-2023 04:08:34 PM	2	0	0
1847	668	23-SEP-2023 04:35:54 PM	4	2	7
1848	668	23-SEP-2023 04:36:32 PM	5	2	7
1849	1557	23-SEP-2023 04:37:31 PM	3	0	0
1850	431	24-SEP-2023 07:27:02 AM	0	0	1
1851	431	24-SEP-2023 07:27:53 AM	1	0	1
1852	431	24-SEP-2023 07:30:36 AM	1	0	2
1853	431	24-SEP-2023 07:31:42 AM	2	0	2
1854	744	24-SEP-2023 07:32:58 AM	0	0	1
1855	744	24-SEP-2023 07:33:49 AM	1	0	1
1856	746	24-SEP-2023 07:34:47 AM	1	0	0
1857	431	24-SEP-2023 07:35:08 AM	2	0	3
1858	431	24-SEP-2023 07:36:17 AM	3	0	3
1859	744	24-SEP-2023 07:36:41 AM	1	0	2
1860	744	24-SEP-2023 07:37:02 AM	2	0	2
1861	746	24-SEP-2023 07:37:56 AM	2	0	0
1862	749	24-SEP-2023 07:39:33 AM	2	1	3
1863	744	24-SEP-2023 07:39:57 AM	2	0	3
1864	744	24-SEP-2023 07:40:53 AM	3	0	3
1865	746	24-SEP-2023 07:41:22 AM	3	0	0
1866	744	24-SEP-2023 07:43:58 AM	3	0	4
1867	744	24-SEP-2023 07:44:52 AM	4	0	4
1868	746	24-SEP-2023 07:45:25 AM	4	0	0
1869	1179	24-SEP-2023 08:10:10 AM	2	1	3
1870	831	24-SEP-2023 08:48:12 AM	0	0	0
1871	1233	24-SEP-2023 09:14:15 AM	4	1	5
1872	92	24-SEP-2023 09:16:21 AM	0	0	1
1873	92	24-SEP-2023 09:17:02 AM	1	0	1
1874	1233	24-SEP-2023 09:17:38 AM	3	2	5
1875	92	24-SEP-2023 09:18:29 AM	1	0	2
1876	92	24-SEP-2023 09:19:09 AM	2	0	2
1877	92	24-SEP-2023 09:20:38 AM	2	0	3
1878	92	24-SEP-2023 09:21:27 AM	3	0	3
1879	1233	24-SEP-2023 09:21:32 AM	2	3	5
1880	1171	24-SEP-2023 09:49:44 AM	1	1	2
1881	749	24-SEP-2023 09:49:58 AM	1	2	3
1882	31	24-SEP-2023 10:03:34 AM	0	0	0
1883	31	24-SEP-2023 10:04:25 AM	0	0	1
1884	2233	24-SEP-2023 10:18:29 AM	0	0	0
1885	31	24-SEP-2023 10:36:38 AM	0	0	2
1886	1510	24-SEP-2023 10:48:56 AM	0	0	1
1887	1510	24-SEP-2023 10:49:13 AM	1	0	1
1888	1513	24-SEP-2023 10:49:42 AM	1	0	0
1889	1511	24-SEP-2023 10:50:58 AM	0	0	1
1890	1511	24-SEP-2023 10:51:08 AM	1	0	1
1891	1514	24-SEP-2023 10:51:35 AM	1	0	0
1892	1512	24-SEP-2023 10:53:57 AM	0	0	1
1893	31	24-SEP-2023 11:09:41 AM	0	0	3
1894	831	24-SEP-2023 11:11:43 AM	0	0	1
1895	831	24-SEP-2023 11:12:02 AM	10	0	1
1896	831	24-SEP-2023 11:14:25 AM	10	0	2
1897	831	24-SEP-2023 11:14:44 AM	20	0	2
1898	831	24-SEP-2023 11:14:55 AM	20	0	3
1899	831	24-SEP-2023 11:15:16 AM	30	0	3
1900	744	24-SEP-2023 12:17:13 PM	3	1	4
1901	746	24-SEP-2023 12:17:52 PM	3	1	0
1902	744	24-SEP-2023 12:19:33 PM	2	2	4
1903	746	24-SEP-2023 12:20:26 PM	2	2	0
1904	744	24-SEP-2023 12:23:20 PM	1	3	4
1905	746	24-SEP-2023 12:24:28 PM	1	3	0
1906	1238	24-SEP-2023 02:08:44 PM	2	1	3
1907	1240	24-SEP-2023 02:09:36 PM	2	1	0
1908	1600	24-SEP-2023 02:36:37 PM	0	0	0
1909	1601	24-SEP-2023 02:39:44 PM	0	0	0
1910	1602	24-SEP-2023 02:42:55 PM	0	0	0
1911	1153	24-SEP-2023 02:48:01 PM	0	0	1
1912	1153	24-SEP-2023 02:48:16 PM	1	0	1
1913	1154	24-SEP-2023 02:48:34 PM	1	0	0
1914	1153	24-SEP-2023 02:50:43 PM	1	0	2
1915	1153	24-SEP-2023 02:50:57 PM	2	0	2
1916	1154	24-SEP-2023 02:51:09 PM	2	0	0
1917	1153	24-SEP-2023 02:51:16 PM	2	0	3
1918	1153	24-SEP-2023 02:51:30 PM	3	0	3
1919	1154	24-SEP-2023 02:51:48 PM	3	0	0
161	119	15-MAY-2022 07:53:18 AM	1	0	2
162	119	15-MAY-2022 07:53:36 AM	2	0	2
163	120	15-MAY-2022 07:53:53 AM	2	0	0
164	119	15-MAY-2022 07:54:02 AM	2	0	3
165	119	15-MAY-2022 07:54:27 AM	3	0	3
166	120	15-MAY-2022 07:54:48 AM	3	0	0
167	24	16-MAY-2022 08:19:07 AM	0	0	0
168	14	16-MAY-2022 08:24:41 AM	0	0	0
169	14	18-MAY-2022 11:36:49 AM	0	0	1
170	14	18-MAY-2022 11:37:29 AM	1	0	1
171	24	18-MAY-2022 11:38:13 AM	1	0	0
172	14	18-MAY-2022 11:40:19 AM	1	0	2
173	14	18-MAY-2022 11:40:49 AM	2	0	2
174	24	18-MAY-2022 11:41:10 AM	2	0	0
175	14	18-MAY-2022 11:43:06 AM	2	0	3
176	14	18-MAY-2022 11:43:34 AM	3	0	3
177	24	18-MAY-2022 11:43:55 AM	3	0	0
178	300	19-MAY-2022 03:10:55 PM	1	2	3
179	300	19-MAY-2022 04:03:35 PM	2	1	3
180	300	19-MAY-2022 04:16:50 PM	2	1	2
181	300	19-MAY-2022 04:36:41 PM	2	1	1
182	300	19-MAY-2022 04:44:15 PM	2	1	0
183	300	19-MAY-2022 04:59:59 PM	3	0	0
184	300	19-MAY-2022 05:05:33 PM	2	0	0
185	300	19-MAY-2022 06:08:17 PM	1	0	0
186	14	20-MAY-2022 11:39:32 AM	2	1	3
187	24	20-MAY-2022 11:39:56 AM	2	1	0
188	14	20-MAY-2022 11:50:26 AM	1	2	3
189	24	20-MAY-2022 11:51:06 AM	1	2	0
190	879	20-MAY-2022 01:12:34 PM	1	0	0
191	1618	20-MAY-2022 01:12:34 PM	1	0	0
192	880	20-MAY-2022 01:12:34 PM	2	0	0
193	14	23-MAY-2022 01:07:43 PM	1	1	3
194	24	23-MAY-2022 01:08:13 PM	1	1	0
195	14	23-MAY-2022 03:54:22 PM	1	1	2
196	24	23-MAY-2022 03:54:48 PM	1	1	0
197	119	28-MAY-2022 11:10:45 AM	2	1	3
198	120	28-MAY-2022 11:11:24 AM	2	1	0
199	345	03-JUN-2022 12:00:00 AM	1	1	1
200	344	03-JUN-2022 12:00:00 AM	1	1	1
201	343	03-JUN-2022 12:00:00 AM	1	1	1
202	119	06-JUN-2022 01:25:20 PM	1	2	3
203	120	06-JUN-2022 01:26:59 PM	1	2	0
204	119	06-JUN-2022 02:52:19 PM	1	1	3
205	120	06-JUN-2022 02:52:49 PM	1	1	0
206	119	06-JUN-2022 03:28:12 PM	1	1	2
207	120	06-JUN-2022 03:28:48 PM	1	1	0
208	3005	22-JUN-2022 08:53:35 AM	2	1	0
209	3005	22-JUN-2022 08:53:35 AM	1	0	0
210	3005	22-JUN-2022 08:53:35 AM	1	0	0
211	3005	22-JUN-2022 08:53:35 AM	1	0	0
212	3005	22-JUN-2022 08:53:35 AM	1	0	0
213	125	28-JUN-2022 11:52:08 AM	0	0	0
214	125	28-JUN-2022 11:54:08 AM	0	0	1
215	125	28-JUN-2022 11:55:20 AM	10	0	1
216	125	30-JUN-2022 07:20:24 AM	9	1	1
217	173	01-JUL-2022 09:06:43 AM	1	0	0
218	172	01-JUL-2022 09:06:43 AM	1	0	0
219	171	01-JUL-2022 09:06:43 AM	1	0	0
220	125	03-JUL-2022 11:46:29 AM	8	2	1
221	141	06-JUL-2022 08:14:22 AM	1	0	0
222	143	06-JUL-2022 08:14:22 AM	1	0	0
223	142	06-JUL-2022 08:14:22 AM	1	0	0
224	141	06-JUL-2022 08:14:22 AM	1	0	0
225	142	06-JUL-2022 08:14:22 AM	1	0	0
226	143	06-JUL-2022 08:14:22 AM	1	0	0
227	142	06-JUL-2022 08:14:22 AM	1	0	0
228	188	14-JUL-2022 12:00:00 AM	2	1	0
229	188	14-JUL-2022 12:00:00 AM	1	2	0
230	188	14-JUL-2022 12:00:00 AM	2	1	0
231	188	14-JUL-2022 12:00:00 AM	2	1	0
232	188	14-JUL-2022 12:00:00 AM	1	0	0
233	188	14-JUL-2022 12:00:00 AM	1	0	0
234	188	14-JUL-2022 12:00:00 AM	1	0	0
235	606	25-JUL-2022 11:05:24 AM	3	0	3
236	86	27-JUL-2022 06:35:47 AM	0	0	0
237	442	27-JUL-2022 09:02:08 AM	0	2	2
238	21	27-JUL-2022 09:02:15 AM	1	0	0
239	21	27-JUL-2022 09:06:43 AM	1	0	0
240	228	27-JUL-2022 09:06:43 AM	1	0	0
241	361	27-JUL-2022 09:06:43 AM	1	0	0
242	240	27-JUL-2022 09:06:43 AM	1	0	0
243	238	27-JUL-2022 09:06:43 AM	1	0	0
244	238	27-JUL-2022 09:06:43 AM	1	0	0
245	21	27-JUL-2022 09:06:43 AM	1	0	0
246	21	27-JUL-2022 09:07:01 AM	2	0	0
247	21	27-JUL-2022 09:07:49 AM	3	0	0
248	21	27-JUL-2022 09:10:24 AM	2	1	0
249	21	27-JUL-2022 09:10:24 AM	2	1	0
250	21	27-JUL-2022 09:10:24 AM	2	1	0
251	228	27-JUL-2022 09:10:24 AM	2	1	0
252	228	27-JUL-2022 09:10:24 AM	2	1	0
253	21	27-JUL-2022 09:10:24 AM	2	1	0
254	21	27-JUL-2022 09:10:24 AM	2	1	0
255	21	27-JUL-2022 09:10:24 AM	2	1	0
256	21	27-JUL-2022 09:10:46 AM	2	1	1
257	21	27-JUL-2022 09:12:50 AM	2	1	2
258	21	27-JUL-2022 09:13:39 AM	2	1	3
259	303	27-JUL-2022 10:21:21 AM	1	1	1
260	302	27-JUL-2022 10:31:21 AM	1	1	1
261	86	28-JUL-2022 07:06:18 AM	0	0	1
262	86	28-JUL-2022 07:06:42 AM	1	0	1
263	86	28-JUL-2022 07:07:47 AM	1	0	2
264	86	28-JUL-2022 07:08:10 AM	2	0	2
265	86	28-JUL-2022 07:08:56 AM	2	0	3
266	86	28-JUL-2022 07:09:08 AM	3	0	3
267	361	28-JUL-2022 09:06:43 AM	1	0	0
268	86	29-JUL-2022 07:08:25 AM	2	1	3
269	86	29-JUL-2022 09:03:03 AM	1	2	3
270	361	29-JUL-2022 09:06:43 AM	1	0	0
271	86	30-JUL-2022 10:03:18 AM	0	3	3
272	21	01-AUG-2022 09:15:15 AM	1	2	3
273	61	01-AUG-2022 04:14:14 PM	0	0	0
274	175	01-AUG-2022 04:14:44 PM	0	0	0
275	21	03-AUG-2022 12:25:04 PM	2	1	3
276	21	03-AUG-2022 12:25:55 PM	1	1	3
277	21	03-AUG-2022 12:26:12 PM	2	1	1
278	61	03-AUG-2022 02:04:26 PM	0	0	1
279	61	03-AUG-2022 02:05:37 PM	1	0	1
280	175	03-AUG-2022 02:06:41 PM	1	0	0
281	61	03-AUG-2022 02:09:24 PM	1	0	2
282	61	03-AUG-2022 02:10:03 PM	2	0	2
283	175	03-AUG-2022 02:10:50 PM	2	0	0
284	61	03-AUG-2022 02:11:10 PM	2	0	3
285	61	03-AUG-2022 02:12:33 PM	3	0	3
286	175	03-AUG-2022 02:13:35 PM	3	0	0
287	234	04-AUG-2022 08:55:35 AM	1	0	0
288	234	04-AUG-2022 08:55:35 AM	1	0	0
289	234	04-AUG-2022 08:55:35 AM	1	0	0
290	234	04-AUG-2022 08:55:35 AM	2	1	0
291	234	04-AUG-2022 08:55:35 AM	1	0	0
292	234	04-AUG-2022 08:55:35 AM	2	1	0
293	234	04-AUG-2022 08:55:35 AM	1	0	0
294	444	05-AUG-2022 10:30:00 AM	2	2	2
295	61	06-AUG-2022 04:00:32 PM	2	1	3
296	175	06-AUG-2022 04:00:54 PM	2	1	0
297	61	06-AUG-2022 04:02:06 PM	1	2	3
298	175	06-AUG-2022 04:03:11 PM	1	2	0
299	1606	08-AUG-2022 09:12:15 AM	1	0	0
300	1606	08-AUG-2022 09:12:15 AM	2	0	0
301	1606	08-AUG-2022 09:12:15 AM	3	0	0
302	123	08-AUG-2022 02:47:22 PM	0	2	3
303	124	08-AUG-2022 02:48:33 PM	0	2	0
304	606	09-AUG-2022 09:20:40 AM	1	2	3
305	325	10-AUG-2022 01:01:01 AM	3	1	0
306	325	10-AUG-2022 01:01:01 AM	2	1	1
307	325	10-AUG-2022 01:01:01 AM	1	1	2
308	325	10-AUG-2022 01:01:01 AM	1	2	2
309	325	10-AUG-2022 01:01:01 AM	2	1	1
310	325	10-AUG-2022 01:01:01 AM	1	0	0
311	325	10-AUG-2022 01:01:01 AM	2	0	0
312	325	10-AUG-2022 01:01:01 AM	3	0	0
316	86	10-AUG-2022 11:51:01 AM	0	2	3
317	86	10-AUG-2022 01:05:11 PM	0	2	2
318	606	12-AUG-2022 10:05:24 AM	0	2	3
319	252	14-AUG-2022 04:39:30 AM	0	1	1
320	252	14-AUG-2022 04:39:30 AM	1	0	1
321	252	14-AUG-2022 04:39:30 AM	1	0	0
322	254	14-AUG-2022 04:39:30 AM	0	0	0
323	253	14-AUG-2022 04:39:30 AM	0	1	1
324	253	14-AUG-2022 04:39:30 AM	1	0	0
325	161	14-AUG-2022 07:34:22 AM	2	1	0
326	161	14-AUG-2022 07:34:22 AM	1	0	0
327	162	14-AUG-2022 07:34:22 AM	1	0	0
328	161	14-AUG-2022 07:34:22 AM	1	0	0
329	162	14-AUG-2022 07:34:22 AM	1	0	0
330	161	14-AUG-2022 07:34:22 AM	1	0	0
331	161	14-AUG-2022 07:34:22 AM	2	1	0
332	161	14-AUG-2022 07:34:22 AM	2	1	0
333	162	14-AUG-2022 07:34:22 AM	1	0	0
334	161	14-AUG-2022 07:34:22 AM	1	0	0
335	162	14-AUG-2022 07:34:22 AM	1	0	0
338	282	15-AUG-2022 09:00:00 AM	0	1	0
339	283	15-AUG-2022 09:00:00 AM	0	1	0
340	281	15-AUG-2022 09:00:00 AM	0	0	1
341	179	17-AUG-2022 12:00:00 AM	1	1	0
342	242	17-AUG-2022 12:00:00 AM	0	0	0
343	134	17-AUG-2022 12:00:00 AM	1	1	1
346	530	18-AUG-2022 12:00:00 AM	1	0	0
347	530	18-AUG-2022 12:00:00 AM	3	0	0
348	530	18-AUG-2022 12:00:00 AM	2	0	0
349	99	19-AUG-2022 03:48:46 PM	0	0	0
350	999	19-AUG-2022 03:49:37 PM	0	0	0
351	117	20-AUG-2022 09:14:43 AM	0	0	0
352	121	20-AUG-2022 09:15:03 AM	0	0	0
353	100	20-AUG-2022 11:26:09 AM	0	0	0
354	100	20-AUG-2022 03:12:56 PM	0	0	1
355	100	20-AUG-2022 03:13:56 PM	1	0	1
356	100	20-AUG-2022 03:21:06 PM	0	0	2
357	100	20-AUG-2022 03:22:27 PM	2	0	2
358	100	20-AUG-2022 03:25:11 PM	0	0	3
359	100	20-AUG-2022 03:26:02 PM	3	0	3
360	100	20-AUG-2022 03:28:48 PM	2	1	3
361	100	20-AUG-2022 03:35:53 PM	1	2	3
362	190	21-AUG-2022 12:00:00 AM	1	0	0
363	190	21-AUG-2022 12:00:00 AM	1	0	0
364	190	21-AUG-2022 12:00:00 AM	2	1	0
365	190	21-AUG-2022 12:00:00 AM	1	0	0
366	190	21-AUG-2022 12:00:00 AM	2	0	0
367	99	22-AUG-2022 07:18:40 AM	0	0	1
368	99	22-AUG-2022 07:19:21 AM	1	0	1
369	999	22-AUG-2022 07:20:11 AM	1	0	0
370	99	22-AUG-2022 07:32:28 AM	1	0	2
371	99	22-AUG-2022 07:33:25 AM	2	0	2
372	999	22-AUG-2022 07:34:16 AM	2	0	0
373	85	22-AUG-2022 07:40:56 AM	0	0	0
374	87	22-AUG-2022 07:42:02 AM	0	0	0
375	99	22-AUG-2022 08:45:53 AM	2	0	3
376	99	22-AUG-2022 08:46:13 AM	3	0	3
377	999	22-AUG-2022 08:47:28 AM	3	0	0
378	335	22-AUG-2022 12:33:03 PM	1	0	0
379	335	22-AUG-2022 12:33:03 PM	1	0	0
380	335	22-AUG-2022 12:33:03 PM	1	0	0
381	1001	22-AUG-2022 01:34:00 PM	1	1	1
382	250	22-AUG-2022 08:53:35 PM	1	0	1
383	249	22-AUG-2022 08:53:35 PM	0	1	1
384	248	22-AUG-2022 08:53:35 PM	0	1	1
385	250	22-AUG-2022 08:53:35 PM	1	0	1
386	249	22-AUG-2022 08:53:35 PM	0	1	1
387	248	22-AUG-2022 08:53:35 PM	0	1	1
388	248	22-AUG-2022 08:53:35 PM	1	1	1
389	105	23-AUG-2022 06:31:53 AM	0	0	0
390	106	23-AUG-2022 06:35:49 AM	0	0	0
391	99	23-AUG-2022 12:34:03 PM	2	1	3
392	999	23-AUG-2022 12:34:44 PM	2	1	0
393	99	23-AUG-2022 12:41:52 PM	2	1	3
394	999	23-AUG-2022 12:42:51 PM	2	1	0
395	118	24-AUG-2022 09:35:42 AM	0	0	0
396	100	25-AUG-2022 09:23:24 AM	1	1	3
397	100	25-AUG-2022 11:35:06 AM	1	1	2
398	85	25-AUG-2022 04:39:28 PM	0	0	1
399	85	25-AUG-2022 04:41:05 PM	1	0	1
400	87	25-AUG-2022 04:42:06 PM	1	0	0
401	85	25-AUG-2022 04:49:51 PM	1	0	2
402	85	25-AUG-2022 04:50:32 PM	2	0	2
403	87	25-AUG-2022 04:51:16 PM	2	0	0
404	85	25-AUG-2022 04:53:49 PM	2	0	3
405	85	25-AUG-2022 04:54:49 PM	3	0	3
406	87	25-AUG-2022 04:55:10 PM	3	0	0
407	117	26-AUG-2022 09:13:01 AM	0	0	1
408	117	26-AUG-2022 09:13:28 AM	0	0	2
409	117	26-AUG-2022 09:13:49 AM	0	0	3
410	117	26-AUG-2022 09:13:59 AM	1	0	3
411	121	26-AUG-2022 09:14:03 AM	1	0	0
412	117	26-AUG-2022 09:15:48 AM	2	0	3
413	121	26-AUG-2022 09:15:58 AM	2	0	0
414	117	26-AUG-2022 09:16:04 AM	3	0	3
415	121	26-AUG-2022 09:16:17 AM	3	0	0
416	118	26-AUG-2022 09:41:21 AM	0	0	1
417	118	26-AUG-2022 09:41:45 AM	0	0	2
418	118	26-AUG-2022 09:42:03 AM	0	0	3
419	118	26-AUG-2022 09:43:33 AM	10	0	3
420	118	26-AUG-2022 09:43:54 AM	20	0	3
421	118	26-AUG-2022 09:44:13 AM	30	0	3
422	118	26-AUG-2022 09:55:23 AM	29	1	3
423	115	26-AUG-2022 10:34:40 AM	0	0	0
424	122	26-AUG-2022 10:36:12 AM	0	0	0
425	117	26-AUG-2022 10:43:30 AM	2	1	3
426	121	26-AUG-2022 10:44:01 AM	2	1	0
427	85	26-AUG-2022 03:54:56 PM	2	1	3
428	115	27-AUG-2022 09:02:27 AM	0	0	1
429	115	27-AUG-2022 09:03:16 AM	1	0	1
430	122	27-AUG-2022 09:04:26 AM	1	0	0
431	115	27-AUG-2022 09:05:43 AM	1	0	2
432	115	27-AUG-2022 09:06:46 AM	2	0	3
433	115	27-AUG-2022 09:07:19 AM	3	0	3
434	115	27-AUG-2022 09:07:40 AM	2	0	2
435	122	27-AUG-2022 09:08:00 AM	3	0	0
436	122	27-AUG-2022 09:08:56 AM	2	0	0
437	117	27-AUG-2022 01:40:35 PM	1	2	3
438	121	27-AUG-2022 01:42:52 PM	1	2	0
439	21	27-AUG-2022 09:04:11 PM	1	0	0
440	350	27-AUG-2022 09:04:11 PM	1	0	0
441	118	28-AUG-2022 09:38:12 AM	28	2	3
442	118	28-AUG-2022 10:05:22 AM	27	3	3
443	118	28-AUG-2022 10:09:41 AM	26	4	3
444	847	28-AUG-2022 11:25:06 AM	1	1	1
445	848	28-AUG-2022 11:25:06 AM	1	0	0
446	846	28-AUG-2022 11:25:06 AM	1	0	0
447	115	28-AUG-2022 01:14:31 PM	2	1	3
448	122	28-AUG-2022 01:15:03 PM	2	1	0
449	115	28-AUG-2022 01:23:12 PM	1	2	3
450	122	28-AUG-2022 01:25:52 PM	1	2	0
451	103	28-AUG-2022 02:09:45 PM	0	0	1
452	103	28-AUG-2022 02:10:17 PM	1	0	1
453	103	28-AUG-2022 02:10:49 PM	0	0	0
454	104	28-AUG-2022 02:11:02 PM	1	0	0
455	104	28-AUG-2022 02:11:53 PM	0	0	0
456	103	28-AUG-2022 02:11:54 PM	1	0	2
457	103	28-AUG-2022 02:12:33 PM	2	0	2
458	104	28-AUG-2022 02:13:31 PM	2	0	0
459	103	28-AUG-2022 03:04:27 PM	2	0	3
460	103	28-AUG-2022 03:05:07 PM	3	0	3
461	104	28-AUG-2022 03:05:40 PM	3	0	0
462	104	28-AUG-2022 03:15:18 PM	2	1	0
463	87	28-AUG-2022 03:15:18 PM	2	1	0
464	103	28-AUG-2022 03:15:58 PM	1	2	3
465	104	28-AUG-2022 03:16:38 PM	1	2	0
466	103	29-AUG-2022 03:14:22 AM	2	1	3
467	105	29-AUG-2022 08:48:13 AM	0	0	1
468	105	29-AUG-2022 08:48:52 AM	1	0	1
469	106	29-AUG-2022 08:49:40 AM	1	0	0
470	105	29-AUG-2022 10:02:35 AM	1	0	2
471	105	29-AUG-2022 10:03:47 AM	2	0	2
472	106	29-AUG-2022 10:05:06 AM	2	0	0
473	105	29-AUG-2022 12:25:41 PM	2	0	3
474	105	29-AUG-2022 12:27:06 PM	3	0	3
475	106	29-AUG-2022 12:29:03 PM	3	0	0
476	118	29-AUG-2022 03:45:50 PM	25	5	3
477	118	29-AUG-2022 03:46:47 PM	24	6	3
478	41	30-AUG-2022 08:11:07 AM	0	0	0
479	35	30-AUG-2022 09:24:42 AM	0	0	0
480	36	30-AUG-2022 09:25:21 AM	0	0	0
481	106	30-AUG-2022 11:23:07 AM	2	1	0
482	105	30-AUG-2022 11:23:07 AM	2	1	3
483	105	30-AUG-2022 11:30:50 AM	1	2	3
484	106	30-AUG-2022 11:32:24 AM	1	2	0
485	329	30-AUG-2022 11:58:31 AM	1	0	0
486	329	30-AUG-2022 11:59:23 AM	2	0	0
487	329	30-AUG-2022 12:03:16 PM	2	1	1
488	329	30-AUG-2022 12:03:16 PM	3	0	0
489	329	30-AUG-2022 12:03:16 PM	1	2	2
490	329	30-AUG-2022 12:03:16 PM	1	2	1
491	329	30-AUG-2022 12:03:16 PM	2	1	0
492	103	31-AUG-2022 11:17:10 AM	1	1	3
493	104	31-AUG-2022 11:17:51 AM	1	1	0
494	84	31-AUG-2022 11:28:35 AM	0	0	0
495	83	31-AUG-2022 11:28:49 AM	0	0	0
496	900	01-SEP-2022 12:00:00 AM	3	0	0
497	245	01-SEP-2022 12:00:00 AM	3	0	0
498	10	01-SEP-2022 12:00:00 AM	1	0	0
499	266	01-SEP-2022 12:00:00 AM	1	2	2
500	35	01-SEP-2022 12:00:00 AM	2	0	0
501	245	01-SEP-2022 12:00:00 AM	1	1	1
502	35	01-SEP-2022 12:00:00 AM	3	0	0
503	352	01-SEP-2022 12:00:00 AM	1	2	3
504	1629	01-SEP-2022 03:00:00 AM	3	0	0
505	1629	01-SEP-2022 03:00:00 AM	1	0	0
506	1629	01-SEP-2022 03:00:00 AM	2	0	0
507	195	01-SEP-2022 04:32:23 AM	1	0	0
508	195	01-SEP-2022 04:32:23 AM	2	0	0
509	195	01-SEP-2022 04:32:23 AM	3	0	0
510	193	01-SEP-2022 04:32:23 AM	1	0	0
511	195	01-SEP-2022 04:35:34 AM	0	2	1
512	195	01-SEP-2022 04:35:34 AM	0	2	1
513	195	01-SEP-2022 05:43:35 AM	0	1	2
514	195	01-SEP-2022 05:43:35 AM	0	1	1
515	195	01-SEP-2022 05:43:35 AM	2	1	1
516	195	01-SEP-2022 06:34:24 AM	2	1	0
517	85	01-SEP-2022 07:12:14 AM	1	2	3
518	87	01-SEP-2022 07:12:55 AM	1	2	0
519	41	01-SEP-2022 09:19:12 AM	0	0	1
520	41	01-SEP-2022 09:35:14 AM	0	0	2
521	41	01-SEP-2022 09:44:47 AM	0	0	3
522	369	01-SEP-2022 10:04:10 AM	1	2	2
523	356	01-SEP-2022 10:06:23 AM	1	2	1
524	356	01-SEP-2022 10:06:23 AM	2	1	1
525	356	01-SEP-2022 10:06:23 AM	2	1	0
526	356	01-SEP-2022 10:06:23 AM	3	0	0
527	356	01-SEP-2022 10:06:23 AM	1	0	0
528	356	01-SEP-2022 10:06:23 AM	2	0	0
529	115	01-SEP-2022 10:06:45 AM	1	1	3
530	369	01-SEP-2022 10:07:58 AM	1	2	2
531	122	01-SEP-2022 10:09:16 AM	1	1	0
532	115	01-SEP-2022 10:17:23 AM	1	1	2
533	122	01-SEP-2022 10:17:49 AM	1	1	0
534	110	01-SEP-2022 10:30:27 AM	1	0	3
535	111	01-SEP-2022 10:32:13 AM	1	0	0
536	110	01-SEP-2022 10:32:41 AM	2	0	3
537	110	01-SEP-2022 10:33:29 AM	0	0	0
538	110	01-SEP-2022 10:35:09 AM	3	0	3
539	111	01-SEP-2022 10:35:37 AM	2	0	0
540	69	01-SEP-2022 10:35:49 AM	0	0	0
541	111	01-SEP-2022 10:36:42 AM	0	0	0
542	111	01-SEP-2022 10:36:46 AM	3	0	0
543	84	01-SEP-2022 11:29:38 AM	1	0	2
544	84	01-SEP-2022 11:30:28 AM	2	0	2
545	84	01-SEP-2022 11:30:44 AM	0	0	1
546	84	01-SEP-2022 11:30:48 AM	2	1	3
547	83	01-SEP-2022 11:31:10 AM	2	0	0
548	83	01-SEP-2022 11:31:20 AM	2	1	0
549	84	01-SEP-2022 11:31:53 AM	1	0	1
550	83	01-SEP-2022 11:32:25 AM	1	0	0
551	110	01-SEP-2022 12:04:23 PM	0	0	1
552	110	01-SEP-2022 12:05:28 PM	0	0	2
553	110	01-SEP-2022 12:07:07 PM	0	0	3
554	84	01-SEP-2022 12:10:17 PM	3	0	3
555	83	01-SEP-2022 12:11:07 PM	3	0	0
556	84	01-SEP-2022 12:28:44 PM	1	2	3
557	83	01-SEP-2022 12:29:10 PM	1	2	0
558	84	01-SEP-2022 12:29:33 PM	2	0	3
559	35	01-SEP-2022 12:44:06 PM	0	0	1
560	35	01-SEP-2022 12:44:46 PM	1	0	1
561	36	01-SEP-2022 12:45:15 PM	1	0	0
562	35	01-SEP-2022 12:53:51 PM	1	0	2
563	35	01-SEP-2022 12:54:23 PM	2	0	2
564	36	01-SEP-2022 12:54:51 PM	2	0	0
565	35	01-SEP-2022 12:58:39 PM	2	0	3
566	35	01-SEP-2022 12:59:09 PM	3	0	3
567	36	01-SEP-2022 12:59:47 PM	3	0	0
568	110	01-SEP-2022 07:13:15 PM	2	1	3
569	111	01-SEP-2022 07:13:32 PM	2	1	0
570	110	01-SEP-2022 08:01:22 PM	1	2	3
571	111	01-SEP-2022 08:01:43 PM	2	1	0
572	210	02-SEP-2022 12:00:00 AM	1	1	0
573	1936	02-SEP-2022 12:00:00 AM	0	3	3
574	210	02-SEP-2022 12:00:00 AM	1	1	0
575	210	02-SEP-2022 12:00:00 AM	1	0	1
576	1936	02-SEP-2022 12:00:00 AM	3	0	0
577	17	02-SEP-2022 06:00:00 AM	1	0	0
578	17	02-SEP-2022 06:00:00 AM	1	2	1
579	15	02-SEP-2022 06:00:00 AM	3	0	0
580	15	02-SEP-2022 06:00:00 AM	2	0	0
581	15	02-SEP-2022 06:00:00 AM	1	0	0
582	247	02-SEP-2022 08:12:40 AM	0	0	0
583	1625	02-SEP-2022 09:10:24 AM	0	1	0
584	35	02-SEP-2022 12:20:12 PM	2	1	3
585	36	02-SEP-2022 12:20:48 PM	2	1	0
586	35	02-SEP-2022 12:35:36 PM	1	2	3
587	36	02-SEP-2022 12:47:38 PM	1	2	0
588	69	02-SEP-2022 12:58:53 PM	0	0	1
589	69	02-SEP-2022 12:59:13 PM	1	0	1
590	69	02-SEP-2022 12:59:58 PM	1	0	2
591	69	02-SEP-2022 01:00:35 PM	2	0	2
592	69	02-SEP-2022 01:01:12 PM	2	0	3
593	69	02-SEP-2022 01:01:44 PM	3	0	3
594	69	02-SEP-2022 04:40:59 PM	2	1	3
595	69	02-SEP-2022 04:41:32 PM	1	2	3
596	69	02-SEP-2022 04:44:07 PM	0	3	3
597	900	03-SEP-2022 12:00:00 AM	1	2	1
598	210	03-SEP-2022 12:00:00 AM	2	1	0
599	30	03-SEP-2022 07:43:12 AM	0	0	0
600	235	03-SEP-2022 07:44:04 AM	0	0	0
601	187	03-SEP-2022 10:04:01 AM	1	1	2
602	30	03-SEP-2022 10:06:57 AM	0	0	1
603	30	03-SEP-2022 10:07:56 AM	1	0	1
604	235	03-SEP-2022 10:09:04 AM	1	0	0
605	369	03-SEP-2022 10:32:12 AM	1	1	1
606	30	03-SEP-2022 11:01:35 AM	1	0	2
607	30	03-SEP-2022 11:02:07 AM	2	0	2
608	235	03-SEP-2022 11:02:57 AM	2	0	0
609	30	03-SEP-2022 11:06:41 AM	2	0	3
610	30	03-SEP-2022 11:07:11 AM	3	0	3
611	235	03-SEP-2022 11:08:02 AM	3	0	0
612	218	04-SEP-2022 08:00:09 AM	1	0	0
613	218	04-SEP-2022 08:00:09 AM	1	1	1
614	218	04-SEP-2022 08:00:09 AM	0	1	1
615	218	04-SEP-2022 09:14:20 AM	2	1	0
616	30	04-SEP-2022 11:02:53 AM	2	1	3
617	235	04-SEP-2022 11:03:26 AM	2	1	0
618	35	04-SEP-2022 12:57:57 PM	1	1	3
619	36	04-SEP-2022 01:00:17 PM	1	1	0
620	62	04-SEP-2022 04:30:06 PM	0	0	0
621	166	04-SEP-2022 04:30:26 PM	0	0	0
622	35	04-SEP-2022 07:05:25 PM	1	1	2
623	36	04-SEP-2022 07:05:53 PM	1	1	0
624	383	05-SEP-2022 09:00:00 AM	0	2	1
625	383	05-SEP-2022 09:00:00 AM	0	2	1
626	383	05-SEP-2022 09:00:00 AM	0	2	1
627	307	05-SEP-2022 09:38:45 AM	3	2	2
628	357	05-SEP-2022 10:20:23 AM	1	0	0
629	357	05-SEP-2022 10:20:26 AM	2	0	0
630	357	05-SEP-2022 10:20:29 AM	3	0	0
631	335	05-SEP-2022 10:33:31 AM	2	1	0
632	62	05-SEP-2022 10:34:42 AM	0	0	1
633	62	05-SEP-2022 10:35:27 AM	1	0	1
634	166	05-SEP-2022 10:36:40 AM	1	0	0
635	62	05-SEP-2022 10:37:38 AM	1	0	2
636	62	05-SEP-2022 10:38:31 AM	2	0	2
637	166	05-SEP-2022 10:39:20 AM	2	0	0
638	197	05-SEP-2022 10:46:59 AM	1	0	0
639	197	05-SEP-2022 10:47:39 AM	2	0	0
640	197	05-SEP-2022 10:47:59 AM	3	0	0
641	30	05-SEP-2022 10:50:44 AM	1	2	3
642	235	05-SEP-2022 10:53:14 AM	1	2	0
643	139	06-SEP-2022 12:00:00 AM	3	0	0
644	139	06-SEP-2022 12:00:00 AM	3	0	1
645	569	06-SEP-2022 12:00:00 AM	3	0	0
646	568	06-SEP-2022 12:00:00 AM	0	0	0
647	567	06-SEP-2022 12:00:00 AM	2	1	0
648	251	06-SEP-2022 12:00:00 AM	3	2	2
649	251	06-SEP-2022 12:00:00 AM	2	1	1
650	1483	06-SEP-2022 12:00:00 AM	1	1	1
651	139	06-SEP-2022 12:00:00 AM	1	2	3
652	139	06-SEP-2022 12:00:00 AM	1	2	2
653	139	06-SEP-2022 12:00:00 AM	2	1	2
654	139	06-SEP-2022 12:00:00 AM	2	1	1
655	130	06-SEP-2022 10:26:35 AM	0	0	0
656	350	06-SEP-2022 10:27:15 AM	0	0	0
657	112	06-SEP-2022 10:27:44 AM	0	0	0
658	113	06-SEP-2022 10:28:10 AM	0	0	0
659	1503	06-SEP-2022 10:35:25 AM	1	0	0
660	1501	06-SEP-2022 10:35:25 AM	1	0	0
661	1504	06-SEP-2022 10:35:25 AM	1	0	0
662	62	06-SEP-2022 10:37:31 AM	1	1	2
663	166	06-SEP-2022 10:38:11 AM	1	1	0
664	1501	06-SEP-2022 10:41:54 AM	2	1	0
665	84	06-SEP-2022 11:13:02 AM	1	1	3
666	83	06-SEP-2022 11:15:36 AM	1	1	0
667	84	06-SEP-2022 11:17:04 AM	1	1	2
668	197	06-SEP-2022 11:47:59 AM	2	1	0
669	197	06-SEP-2022 11:48:59 AM	2	1	1
670	197	06-SEP-2022 11:49:59 AM	2	1	2
671	197	06-SEP-2022 11:49:59 AM	1	2	2
672	197	06-SEP-2022 11:54:59 AM	1	1	2
673	197	06-SEP-2022 11:54:59 AM	1	2	3
674	112	06-SEP-2022 12:10:32 PM	0	0	1
675	112	06-SEP-2022 12:12:12 PM	1	0	1
676	113	06-SEP-2022 12:14:19 PM	1	0	0
677	112	06-SEP-2022 12:14:24 PM	1	0	2
678	112	06-SEP-2022 12:14:53 PM	2	0	2
679	113	06-SEP-2022 12:15:08 PM	2	0	0
680	112	06-SEP-2022 12:15:38 PM	2	0	3
681	112	06-SEP-2022 12:16:03 PM	3	0	3
682	113	06-SEP-2022 12:16:38 PM	3	0	0
683	112	06-SEP-2022 12:20:38 PM	2	1	3
684	113	06-SEP-2022 12:20:57 PM	2	1	0
685	112	06-SEP-2022 12:22:41 PM	1	2	3
686	113	06-SEP-2022 12:23:01 PM	1	2	0
687	110	06-SEP-2022 12:27:47 PM	1	1	3
688	111	06-SEP-2022 12:28:43 PM	1	1	0
689	110	06-SEP-2022 12:41:58 PM	1	1	2
690	111	06-SEP-2022 12:42:06 PM	1	1	0
691	1936	06-SEP-2022 04:51:21 PM	0	2	2
692	1483	07-SEP-2022 12:00:00 AM	1	1	0
693	139	07-SEP-2022 12:00:00 AM	0	2	2
694	130	07-SEP-2022 08:24:03 AM	0	0	1
695	130	07-SEP-2022 08:24:41 AM	1	0	1
696	350	07-SEP-2022 08:25:11 AM	1	0	0
697	130	07-SEP-2022 08:38:39 AM	1	0	2
698	130	07-SEP-2022 08:39:28 AM	2	0	2
699	350	07-SEP-2022 08:40:14 AM	2	0	0
700	130	07-SEP-2022 08:53:40 AM	2	0	3
701	130	07-SEP-2022 08:54:20 AM	3	0	3
702	350	07-SEP-2022 08:54:47 AM	3	0	0
703	61	07-SEP-2022 09:15:50 AM	1	1	3
704	175	07-SEP-2022 09:16:13 AM	1	1	0
705	61	07-SEP-2022 09:18:17 AM	1	1	2
706	131	07-SEP-2022 10:00:00 AM	2	1	1
707	105	07-SEP-2022 10:06:30 AM	1	1	3
708	106	07-SEP-2022 10:07:26 AM	1	1	0
709	357	07-SEP-2022 11:08:08 AM	1	2	2
710	357	07-SEP-2022 11:08:08 AM	1	2	1
711	357	07-SEP-2022 11:08:08 AM	2	1	1
712	357	07-SEP-2022 11:08:08 AM	2	1	0
713	105	07-SEP-2022 12:06:28 PM	1	1	2
714	106	07-SEP-2022 12:06:57 PM	1	1	0
715	203	07-SEP-2022 12:30:00 PM	1	1	1
716	85	07-SEP-2022 01:20:31 PM	1	1	3
717	87	07-SEP-2022 01:20:49 PM	1	1	0
718	85	07-SEP-2022 03:15:55 PM	1	1	2
719	62	07-SEP-2022 04:16:06 PM	0	2	2
720	166	07-SEP-2022 04:17:39 PM	0	2	0
721	245	08-SEP-2022 12:00:00 AM	1	1	0
722	654	08-SEP-2022 12:00:00 AM	1	0	0
723	35	08-SEP-2022 12:00:00 AM	1	1	1
724	35	08-SEP-2022 12:00:00 AM	2	1	0
725	183	08-SEP-2022 06:01:12 AM	1	0	0
726	182	08-SEP-2022 06:08:12 AM	1	0	0
727	184	08-SEP-2022 06:09:12 AM	1	0	0
728	130	08-SEP-2022 08:53:26 AM	2	1	3
729	350	08-SEP-2022 08:54:01 AM	2	1	0
730	1625	08-SEP-2022 09:10:24 AM	1	1	0
731	182	08-SEP-2022 09:10:24 AM	2	1	0
732	183	08-SEP-2022 09:15:24 AM	2	1	0
733	184	08-SEP-2022 09:20:24 AM	2	1	0
734	324	08-SEP-2022 10:10:10 AM	0	2	3
735	324	08-SEP-2022 10:10:10 AM	3	0	0
736	324	08-SEP-2022 10:10:10 AM	1	0	0
737	324	08-SEP-2022 10:10:10 AM	1	2	1
738	324	08-SEP-2022 10:10:10 AM	1	2	2
739	324	08-SEP-2022 10:10:10 AM	2	1	0
740	324	08-SEP-2022 10:10:10 AM	2	1	1
741	324	08-SEP-2022 10:10:10 AM	2	0	0
742	205	08-SEP-2022 10:30:00 AM	1	2	2
743	41	08-SEP-2022 10:37:07 AM	0	0	2
744	357	08-SEP-2022 11:08:08 AM	2	1	1
745	130	08-SEP-2022 01:19:03 PM	1	2	3
746	350	08-SEP-2022 01:19:37 PM	1	2	0
747	23	08-SEP-2022 03:06:41 PM	0	0	0
748	29	08-SEP-2022 03:07:07 PM	0	0	0
749	23	08-SEP-2022 03:23:58 PM	0	0	1
750	23	08-SEP-2022 03:25:02 PM	1	0	1
751	29	08-SEP-2022 03:26:56 PM	1	0	0
752	23	08-SEP-2022 03:31:16 PM	1	0	2
753	23	08-SEP-2022 03:31:57 PM	2	0	2
754	29	08-SEP-2022 03:32:37 PM	2	0	0
755	23	08-SEP-2022 03:50:50 PM	2	0	3
756	23	08-SEP-2022 03:51:25 PM	3	0	3
757	29	08-SEP-2022 03:51:51 PM	3	0	0
758	112	08-SEP-2022 08:42:17 PM	1	1	3
759	113	08-SEP-2022 08:42:53 PM	1	1	0
760	6945	09-SEP-2022 12:00:00 AM	2	1	1
761	258	09-SEP-2022 12:00:00 AM	1	2	0
3981	1382	12-FEB-2023 08:52:02 AM	0	0	0
3982	1383	12-FEB-2023 08:52:14 AM	0	0	0
1273	1550	11-FEB-2023 12:00:00 AM	2	2	1
1274	1124	11-FEB-2023 12:00:00 AM	2	1	1
1275	1124	11-FEB-2023 12:00:00 AM	1	2	2
1276	1123	11-FEB-2023 12:00:00 AM	2	1	1
1277	1123	11-FEB-2023 12:00:00 AM	1	2	2
1278	1123	12-FEB-2023 12:00:00 AM	1	2	3
1279	1124	12-FEB-2023 12:00:00 AM	2	1	2
1121	351	29-JAN-2023 11:13:43 AM	2	0	0
1280	1123	12-FEB-2023 12:00:00 AM	2	1	2
1281	1124	12-FEB-2023 12:00:00 AM	1	2	3
1282	669	12-FEB-2023 07:00:00 AM	1	2	3
1283	669	12-FEB-2023 07:00:00 AM	0	2	3
1284	644	12-FEB-2023 08:58:00 AM	1	2	3
1285	646	12-FEB-2023 11:00:08 AM	3	1	3
1286	776	12-FEB-2023 04:41:22 PM	2	1	3
1287	781	12-FEB-2023 04:41:49 PM	2	1	0
1288	644	12-FEB-2023 04:58:00 PM	2	1	1
1289	644	12-FEB-2023 04:58:00 PM	1	1	3
1290	644	12-FEB-2023 04:58:00 PM	2	1	3
1291	666	13-FEB-2023 02:15:23 PM	1	0	0
1292	666	13-FEB-2023 02:15:23 PM	1	0	0
1293	666	13-FEB-2023 02:15:23 PM	1	0	0
1294	666	13-FEB-2023 07:00:23 PM	0	1	1
1295	666	13-FEB-2023 07:00:23 PM	0	1	0
1296	720	14-FEB-2023 12:00:00 AM	2	1	1
1297	720	14-FEB-2023 12:00:00 AM	1	2	2
1298	902	14-FEB-2023 12:00:00 AM	3	3	3
1299	720	14-FEB-2023 12:00:00 AM	3	0	0
1300	902	14-FEB-2023 09:00:00 AM	3	0	0
1301	811	14-FEB-2023 09:21:34 AM	0	0	0
1302	818	14-FEB-2023 04:44:01 PM	0	0	0
1303	825	14-FEB-2023 04:45:46 PM	0	0	0
1304	666	14-FEB-2023 07:00:23 PM	0	1	0
1305	666	14-FEB-2023 07:01:23 PM	0	1	1
1306	694	14-FEB-2023 07:46:53 PM	1	2	3
1307	781	15-FEB-2023 02:16:38 AM	1	2	0
1308	811	15-FEB-2023 07:08:10 AM	0	0	1
1309	811	15-FEB-2023 07:09:08 AM	10	0	1
1310	811	15-FEB-2023 07:21:24 AM	10	0	2
1311	811	15-FEB-2023 07:22:38 AM	20	0	2
1312	811	15-FEB-2023 07:29:14 AM	20	0	3
1313	811	15-FEB-2023 07:30:26 AM	30	0	3
1314	902	15-FEB-2023 08:00:00 AM	2	1	0
1315	902	15-FEB-2023 08:15:00 AM	2	1	1
1316	902	15-FEB-2023 08:30:00 AM	1	2	1
1317	902	15-FEB-2023 08:31:00 AM	1	2	2
1318	685	15-FEB-2023 09:02:08 AM	3	0	0
1319	685	15-FEB-2023 09:02:08 AM	0	2	3
1320	685	15-FEB-2023 09:02:08 AM	1	2	2
1321	685	15-FEB-2023 09:02:08 AM	1	2	1
1322	685	15-FEB-2023 09:02:08 AM	2	1	1
1323	685	15-FEB-2023 09:02:08 AM	2	1	0
1324	629	15-FEB-2023 10:46:53 AM	2	0	0
1325	629	15-FEB-2023 10:46:53 AM	1	0	0
1326	629	15-FEB-2023 10:46:53 AM	3	0	0
1327	799	15-FEB-2023 11:33:27 AM	0	0	0
1328	795	15-FEB-2023 11:34:05 AM	0	0	0
1329	776	15-FEB-2023 02:16:09 PM	1	2	3
1330	818	15-FEB-2023 03:44:57 PM	0	0	1
1331	818	15-FEB-2023 03:45:20 PM	1	0	1
1332	825	15-FEB-2023 03:46:04 PM	1	0	0
1333	818	15-FEB-2023 03:47:49 PM	1	0	2
1334	818	15-FEB-2023 03:48:15 PM	2	0	2
1335	825	15-FEB-2023 03:48:38 PM	2	0	0
1336	818	15-FEB-2023 03:50:44 PM	2	0	3
1337	818	15-FEB-2023 03:51:25 PM	3	0	3
1338	825	15-FEB-2023 03:51:54 PM	3	0	0
1339	137	16-FEB-2023 11:00:00 AM	1	1	1
1340	137	16-FEB-2023 11:00:00 AM	1	1	1
1341	136	16-FEB-2023 11:00:00 AM	1	1	1
1342	136	16-FEB-2023 11:00:00 AM	1	1	1
1343	136	16-FEB-2023 11:00:00 AM	1	1	1
1344	795	16-FEB-2023 11:34:54 AM	1	0	1
1345	799	16-FEB-2023 11:35:48 AM	1	0	0
1346	795	16-FEB-2023 11:36:56 AM	0	0	1
1347	818	16-FEB-2023 11:41:44 AM	2	1	3
1348	825	16-FEB-2023 11:42:37 AM	2	1	0
1349	795	16-FEB-2023 11:43:47 AM	1	0	2
1350	795	16-FEB-2023 11:44:51 AM	2	0	2
1351	799	16-FEB-2023 11:45:42 AM	2	0	0
1352	795	16-FEB-2023 11:51:20 AM	2	0	3
1353	795	16-FEB-2023 11:52:03 AM	3	0	3
1354	799	16-FEB-2023 11:52:55 AM	3	0	0
1355	666	16-FEB-2023 02:03:23 PM	0	0	1
1356	666	16-FEB-2023 06:03:23 PM	0	1	0
1357	666	16-FEB-2023 06:10:23 PM	0	1	1
1358	720	17-FEB-2023 12:00:00 AM	0	2	3
1359	720	17-FEB-2023 12:00:00 AM	0	2	3
1360	818	17-FEB-2023 09:42:13 AM	1	2	3
1361	825	17-FEB-2023 09:43:32 AM	1	2	0
1362	752	17-FEB-2023 12:00:12 PM	1	2	2
1363	795	18-FEB-2023 01:45:24 PM	2	1	3
1364	799	18-FEB-2023 01:46:37 PM	2	1	0
1365	795	18-FEB-2023 01:49:31 PM	1	2	3
1366	799	18-FEB-2023 01:51:54 PM	1	2	0
1367	791	18-FEB-2023 03:28:50 PM	1	0	0
1368	811	19-FEB-2023 07:24:03 AM	29	1	3
1369	811	19-FEB-2023 07:25:20 AM	28	2	3
1370	811	19-FEB-2023 07:26:28 AM	27	3	3
1371	811	19-FEB-2023 07:27:34 AM	26	4	3
1372	811	19-FEB-2023 07:28:00 AM	25	5	3
1373	795	19-FEB-2023 09:23:18 AM	1	1	3
1374	799	19-FEB-2023 09:23:50 AM	1	1	0
1375	795	19-FEB-2023 02:12:49 PM	0	2	3
1376	799	19-FEB-2023 02:16:31 PM	0	2	0
1377	791	19-FEB-2023 10:55:55 PM	2	1	0
1378	818	20-FEB-2023 01:11:36 PM	1	1	3
1379	825	20-FEB-2023 01:11:48 PM	1	1	0
1380	818	20-FEB-2023 05:40:52 PM	0	2	3
1381	825	20-FEB-2023 05:41:56 PM	0	2	0
1382	811	21-FEB-2023 07:29:15 AM	24	6	3
1383	811	21-FEB-2023 07:30:34 AM	23	7	3
1384	811	21-FEB-2023 07:31:57 AM	22	8	3
1385	811	21-FEB-2023 07:33:46 AM	21	9	3
1386	811	21-FEB-2023 07:35:52 AM	20	10	3
1387	811	21-FEB-2023 07:37:45 AM	19	11	3
1388	811	21-FEB-2023 07:39:13 AM	18	10	3
1389	894	21-FEB-2023 09:10:28 AM	3	0	0
1390	894	21-FEB-2023 09:10:28 AM	1	0	0
1391	818	21-FEB-2023 09:16:58 PM	0	2	2
1392	825	21-FEB-2023 09:17:17 PM	0	2	0
1393	776	22-FEB-2023 01:04:15 PM	0	3	3
1394	781	22-FEB-2023 01:04:55 PM	0	3	0
1395	985	01-MAR-2023 10:05:00 AM	3	0	0
1396	985	01-MAR-2023 10:05:00 AM	2	0	0
1397	985	01-MAR-2023 10:05:00 AM	1	0	0
1398	61	02-MAR-2023 12:01:33 PM	2	1	3
1399	175	02-MAR-2023 12:02:48 PM	2	1	0
1400	61	02-MAR-2023 12:14:15 PM	2	1	4
1401	61	02-MAR-2023 12:14:43 PM	3	1	4
1402	175	02-MAR-2023 12:15:13 PM	3	1	0
1403	61	02-MAR-2023 12:16:06 PM	3	1	5
1404	61	02-MAR-2023 12:17:08 PM	4	1	5
1405	175	02-MAR-2023 12:17:47 PM	4	1	0
1406	61	02-MAR-2023 11:59:34 PM	1	1	3
1407	61	03-MAR-2023 02:27:49 PM	2	3	5
1408	175	03-MAR-2023 02:28:42 PM	2	3	0
1409	61	03-MAR-2023 02:29:41 PM	3	2	5
1410	175	03-MAR-2023 02:31:21 PM	3	2	0
1411	821	03-MAR-2023 05:34:13 PM	1	1	3
1412	822	03-MAR-2023 05:34:52 PM	1	1	0
1413	821	04-MAR-2023 07:23:10 PM	0	2	3
1414	822	04-MAR-2023 07:23:53 PM	0	2	0
1415	985	08-MAR-2023 10:05:00 AM	2	1	0
1416	985	08-MAR-2023 10:10:00 AM	2	1	1
1417	985	08-MAR-2023 10:15:00 AM	1	2	2
1418	985	08-MAR-2023 10:15:00 AM	1	2	1
1419	61	08-MAR-2023 06:30:00 PM	2	2	5
1420	175	08-MAR-2023 06:31:50 PM	2	2	0
1421	61	08-MAR-2023 08:15:48 PM	2	2	4
1422	175	08-MAR-2023 08:16:03 PM	2	2	0
1423	985	11-MAR-2023 11:30:00 AM	1	1	1
1424	553	15-APR-2023 05:17:30 PM	0	0	0
1425	553	16-APR-2023 08:16:34 PM	0	0	1
3983	1382	12-FEB-2024 10:45:29 AM	0	0	1
1426	553	16-APR-2023 08:16:53 PM	1	0	1
1427	553	16-APR-2023 08:18:45 PM	1	0	2
1428	553	16-APR-2023 08:19:07 PM	2	0	2
1429	553	16-APR-2023 08:20:26 PM	2	0	3
1430	553	16-APR-2023 08:20:51 PM	3	0	3
1431	553	22-APR-2023 11:30:58 AM	2	1	3
1432	774	08-MAY-2023 11:17:16 AM	0	0	0
1433	775	08-MAY-2023 11:22:34 AM	0	0	0
1434	774	08-MAY-2023 11:27:40 AM	0	0	1
1435	774	08-MAY-2023 11:28:07 AM	1	0	1
1436	775	08-MAY-2023 11:28:28 AM	1	0	0
1437	774	10-MAY-2023 09:02:33 AM	0	1	1
1920	99	24-SEP-2023 03:49:12 PM	3	1	9
1921	999	24-SEP-2023 03:49:23 PM	3	1	0
1922	99	24-SEP-2023 03:49:31 PM	2	1	4
1923	99	24-SEP-2023 04:00:01 PM	5	1	9
1924	99	24-SEP-2023 04:00:01 PM	4	1	9
1925	999	24-SEP-2023 04:00:14 PM	4	1	0
1926	999	24-SEP-2023 04:00:14 PM	5	1	0
1927	99	24-SEP-2023 04:00:18 PM	2	1	5
1928	99	24-SEP-2023 04:11:54 PM	2	1	6
1929	99	24-SEP-2023 04:22:57 PM	6	1	9
1930	99	24-SEP-2023 04:22:59 PM	2	1	7
1931	999	24-SEP-2023 04:23:21 PM	6	1	0
1932	99	24-SEP-2023 04:33:38 PM	2	1	8
1933	99	24-SEP-2023 04:33:51 PM	7	1	9
1934	999	24-SEP-2023 04:34:14 PM	7	1	0
1935	99	24-SEP-2023 04:45:09 PM	2	1	9
1936	99	24-SEP-2023 04:45:17 PM	8	1	9
1937	999	24-SEP-2023 04:45:53 PM	8	1	0
1938	73	24-SEP-2023 04:47:22 PM	0	0	0
1939	73	24-SEP-2023 04:48:00 PM	0	0	1
1940	73	24-SEP-2023 04:48:39 PM	1	0	1
1941	73	24-SEP-2023 04:54:39 PM	0	0	2
1942	73	24-SEP-2023 05:01:18 PM	0	0	3
1943	1148	24-SEP-2023 05:05:59 PM	0	0	0
1944	1205	24-SEP-2023 05:38:58 PM	0	0	0
1945	1206	24-SEP-2023 05:40:47 PM	0	0	0
1946	1207	24-SEP-2023 05:42:30 PM	0	0	0
1947	1208	24-SEP-2023 05:43:49 PM	0	0	0
1948	1210	24-SEP-2023 05:45:49 PM	0	0	0
1949	1213	24-SEP-2023 05:46:56 PM	0	0	0
1950	743	24-SEP-2023 06:05:56 PM	0	1	1
1951	1137	24-SEP-2023 06:55:47 PM	0	0	0
1952	1081	24-SEP-2023 08:13:48 PM	1	2	3
1953	1216	25-SEP-2023 07:20:58 AM	0	0	0
1954	1215	25-SEP-2023 07:23:50 AM	0	0	0
1955	2233	25-SEP-2023 09:16:48 AM	0	0	1
1956	2233	25-SEP-2023 09:17:10 AM	1	0	1
1957	2233	25-SEP-2023 09:17:45 AM	1	0	2
1958	2233	25-SEP-2023 09:18:35 AM	2	0	2
1959	1510	25-SEP-2023 09:25:42 AM	0	1	1
1960	1513	25-SEP-2023 09:26:16 AM	0	1	0
1961	2233	25-SEP-2023 09:34:53 AM	2	0	3
1962	1216	25-SEP-2023 09:41:37 AM	0	0	1
1963	1216	25-SEP-2023 09:42:15 AM	1	0	1
1964	1215	25-SEP-2023 09:42:53 AM	1	0	0
1965	1216	25-SEP-2023 09:44:54 AM	1	0	2
1966	1216	25-SEP-2023 09:45:33 AM	2	0	2
1967	1215	25-SEP-2023 09:46:09 AM	2	0	0
1968	1216	25-SEP-2023 09:48:30 AM	2	0	3
1969	1216	25-SEP-2023 09:49:01 AM	3	0	3
1970	1215	25-SEP-2023 09:49:39 AM	3	0	0
1971	841	25-SEP-2023 10:15:37 AM	0	2	4
1972	841	25-SEP-2023 10:15:55 AM	1	2	4
1973	842	25-SEP-2023 10:16:16 AM	1	2	0
1974	841	25-SEP-2023 10:20:02 AM	1	2	5
1975	841	25-SEP-2023 10:20:22 AM	2	2	5
1976	842	25-SEP-2023 10:20:44 AM	2	2	0
1977	841	25-SEP-2023 10:23:25 AM	2	2	6
1978	841	25-SEP-2023 10:23:41 AM	3	2	6
1979	842	25-SEP-2023 10:24:00 AM	3	2	0
1980	1130	25-SEP-2023 10:33:35 AM	2	1	3
1981	1133	25-SEP-2023 10:34:25 AM	2	1	0
1982	99	25-SEP-2023 10:56:38 AM	7	2	9
1983	999	25-SEP-2023 10:57:07 AM	7	2	0
1984	841	25-SEP-2023 12:34:13 PM	2	3	6
1985	842	25-SEP-2023 12:34:45 PM	2	3	0
1986	841	25-SEP-2023 12:37:08 PM	1	4	6
1987	842	25-SEP-2023 12:38:10 PM	1	4	0
1988	73	25-SEP-2023 12:46:08 PM	2	1	3
1989	2233	25-SEP-2023 12:49:02 PM	2	1	3
1990	1601	25-SEP-2023 01:10:01 PM	0	0	1
1991	1600	25-SEP-2023 01:10:01 PM	0	0	1
1992	1600	25-SEP-2023 01:11:05 PM	1	0	1
1993	1601	25-SEP-2023 01:11:05 PM	1	0	1
1994	1602	25-SEP-2023 01:13:29 PM	0	0	1
1995	1602	25-SEP-2023 01:14:53 PM	1	0	1
1996	831	25-SEP-2023 01:16:34 PM	29	1	3
1997	831	25-SEP-2023 01:17:17 PM	28	2	3
1998	831	25-SEP-2023 01:18:23 PM	27	3	3
1999	831	25-SEP-2023 01:19:31 PM	26	4	3
2000	831	25-SEP-2023 01:20:34 PM	25	5	3
2001	831	25-SEP-2023 01:21:56 PM	24	6	3
2002	668	25-SEP-2023 01:29:49 PM	4	3	7
2003	1557	25-SEP-2023 01:32:53 PM	2	1	0
2004	668	25-SEP-2023 01:38:38 PM	3	4	7
2005	1557	25-SEP-2023 01:39:29 PM	1	2	0
2006	1112	25-SEP-2023 02:18:45 PM	1	1	3
2007	1113	25-SEP-2023 02:19:02 PM	1	1	0
2008	1205	25-SEP-2023 02:45:30 PM	0	0	1
2009	1205	25-SEP-2023 02:45:51 PM	1	0	1
2010	1206	25-SEP-2023 02:46:04 PM	1	0	0
2011	1207	25-SEP-2023 02:48:55 PM	0	0	1
2012	1207	25-SEP-2023 02:49:12 PM	1	0	1
2013	1208	25-SEP-2023 02:49:25 PM	1	0	0
2014	1210	25-SEP-2023 02:50:43 PM	0	0	1
2015	1210	25-SEP-2023 02:50:56 PM	1	0	1
2016	1213	25-SEP-2023 02:51:10 PM	1	0	0
2017	1153	25-SEP-2023 07:20:11 PM	2	1	3
2018	1154	25-SEP-2023 07:21:41 PM	2	1	0
2019	1153	25-SEP-2023 07:22:46 PM	1	2	3
2020	1154	25-SEP-2023 07:23:32 PM	1	2	0
2021	1137	25-SEP-2023 07:58:54 PM	0	0	1
2022	1137	25-SEP-2023 08:05:12 PM	1	0	1
2023	1148	25-SEP-2023 08:06:02 PM	1	0	0
2024	1112	25-SEP-2023 08:14:14 PM	0	2	3
2025	1113	25-SEP-2023 08:18:49 PM	0	2	0
2026	1137	25-SEP-2023 08:40:17 PM	1	0	2
2027	1137	25-SEP-2023 08:46:39 PM	2	0	2
2028	1148	25-SEP-2023 08:47:03 PM	2	0	0
2029	1137	25-SEP-2023 08:54:27 PM	2	0	3
2030	1137	25-SEP-2023 08:59:07 PM	3	0	3
2031	1148	25-SEP-2023 09:00:11 PM	3	0	0
2032	2233	25-SEP-2023 09:35:59 PM	3	0	3
2033	957	26-SEP-2023 08:08:26 AM	0	0	0
2034	958	26-SEP-2023 08:15:29 AM	0	0	0
2035	959	26-SEP-2023 08:20:23 AM	0	0	0
2036	1179	26-SEP-2023 09:58:59 AM	2	0	3
2037	957	26-SEP-2023 10:23:33 AM	0	0	1
2038	957	26-SEP-2023 10:23:56 AM	1	0	1
2039	958	26-SEP-2023 10:25:32 AM	0	0	1
2040	831	26-SEP-2023 10:25:38 AM	23	7	3
2041	958	26-SEP-2023 10:25:59 AM	1	0	1
2042	959	26-SEP-2023 10:27:29 AM	0	0	1
2043	959	26-SEP-2023 10:27:54 AM	1	0	1
2044	99	26-SEP-2023 11:07:05 AM	6	3	9
2045	999	26-SEP-2023 11:07:29 AM	6	3	0
2046	223	26-SEP-2023 01:24:52 PM	0	0	0
2047	1135	26-SEP-2023 02:12:40 PM	1	1	3
2048	1142	26-SEP-2023 02:14:10 PM	1	1	0
2049	1179	26-SEP-2023 04:11:08 PM	1	1	3
2050	1089	26-SEP-2023 04:50:33 PM	0	0	0
2051	1089	26-SEP-2023 04:50:52 PM	0	0	1
2052	1089	26-SEP-2023 04:51:17 PM	1	0	1
2053	1090	26-SEP-2023 04:51:40 PM	1	0	0
2054	1090	26-SEP-2023 04:52:21 PM	0	0	0
2055	1089	26-SEP-2023 04:53:13 PM	1	0	2
2056	1089	26-SEP-2023 04:53:32 PM	2	0	2
2057	1090	26-SEP-2023 04:53:56 PM	2	0	0
2058	1089	26-SEP-2023 04:55:28 PM	2	0	3
2059	1089	26-SEP-2023 04:55:50 PM	3	0	3
2060	1090	26-SEP-2023 04:56:15 PM	3	0	0
2061	897	26-SEP-2023 08:27:44 PM	1	1	3
2062	898	26-SEP-2023 08:29:10 PM	1	1	0
2063	897	26-SEP-2023 08:29:28 PM	0	2	3
2064	898	26-SEP-2023 08:29:33 PM	0	2	0
2065	1205	26-SEP-2023 10:16:56 PM	0	1	1
2066	1206	26-SEP-2023 10:18:35 PM	0	1	0
2067	1151	27-SEP-2023 09:35:32 AM	2	1	3
2068	1152	27-SEP-2023 09:36:02 AM	2	1	0
2069	1089	27-SEP-2023 09:58:09 AM	2	1	3
2070	1090	27-SEP-2023 10:00:25 AM	2	1	0
2071	1089	27-SEP-2023 10:08:35 AM	1	2	3
2072	1090	27-SEP-2023 10:09:05 AM	1	2	0
2073	223	27-SEP-2023 01:12:46 PM	0	0	1
2074	223	27-SEP-2023 01:13:16 PM	1	0	1
2075	223	27-SEP-2023 01:16:37 PM	1	0	2
2076	223	27-SEP-2023 01:17:09 PM	2	0	2
2077	223	27-SEP-2023 01:45:23 PM	2	0	3
2078	223	27-SEP-2023 01:45:55 PM	3	0	3
2079	1600	27-SEP-2023 04:41:10 PM	0	1	1
2080	1601	27-SEP-2023 04:46:27 PM	0	1	1
2081	1115	27-SEP-2023 07:23:05 PM	2	1	3
2082	1115	27-SEP-2023 07:24:14 PM	1	2	3
2083	1137	29-SEP-2023 08:12:51 AM	2	1	3
2084	1148	29-SEP-2023 08:13:15 AM	2	1	0
2085	1156	29-SEP-2023 02:18:37 PM	2	0	3
2086	1156	29-SEP-2023 02:27:00 PM	1	1	3
2087	223	29-SEP-2023 03:15:13 PM	2	1	3
2088	1156	29-SEP-2023 05:05:24 PM	1	1	3
2089	840	30-SEP-2023 11:15:45 AM	0	0	1
2090	840	30-SEP-2023 11:17:07 AM	1	0	1
2091	850	30-SEP-2023 11:17:35 AM	1	0	0
2092	840	30-SEP-2023 11:18:41 AM	1	0	2
2093	840	30-SEP-2023 11:19:50 AM	2	0	2
2094	850	30-SEP-2023 11:20:08 AM	2	0	0
2095	840	30-SEP-2023 11:20:58 AM	2	0	3
2096	840	30-SEP-2023 11:23:18 AM	3	0	3
2097	850	30-SEP-2023 11:23:29 AM	3	0	0
2098	99	30-SEP-2023 06:24:54 PM	6	2	9
2099	999	30-SEP-2023 06:25:05 PM	6	2	0
2100	1137	01-OCT-2023 07:59:44 AM	1	2	3
2101	1148	01-OCT-2023 08:00:46 AM	1	2	0
2102	99	01-OCT-2023 09:13:53 AM	5	3	9
2103	999	01-OCT-2023 09:14:00 AM	5	3	0
2104	1233	01-OCT-2023 02:27:36 PM	2	2	5
2105	1233	01-OCT-2023 02:30:06 PM	1	3	5
2106	840	02-OCT-2023 08:24:32 AM	2	1	3
2107	850	02-OCT-2023 08:25:00 AM	2	1	0
2108	1153	02-OCT-2023 02:12:21 PM	1	1	3
2109	1154	02-OCT-2023 02:13:24 PM	1	1	0
2110	1510	02-OCT-2023 02:18:54 PM	0	0	1
2111	1513	02-OCT-2023 02:20:44 PM	0	0	0
2112	1511	02-OCT-2023 02:21:15 PM	0	1	1
2113	1514	02-OCT-2023 02:21:24 PM	0	1	0
2114	1154	02-OCT-2023 03:18:35 PM	0	2	0
2115	1153	02-OCT-2023 04:27:53 PM	0	2	3
2116	1154	02-OCT-2023 04:28:29 PM	0	2	0
2117	1362	03-OCT-2023 09:29:54 AM	0	1	1
2118	840	03-OCT-2023 11:44:46 AM	1	2	3
2119	850	03-OCT-2023 11:45:13 AM	1	2	0
2120	1242	03-OCT-2023 02:49:46 PM	0	0	0
2121	1243	03-OCT-2023 02:52:05 PM	0	0	0
2122	1242	03-OCT-2023 04:19:37 PM	0	0	1
2123	1242	03-OCT-2023 04:20:06 PM	1	0	1
2124	1243	03-OCT-2023 04:20:29 PM	1	0	0
2125	1242	03-OCT-2023 04:23:43 PM	1	0	2
2126	1242	03-OCT-2023 04:24:32 PM	2	0	2
2127	1243	03-OCT-2023 04:25:15 PM	2	0	0
2128	1242	03-OCT-2023 04:25:34 PM	2	0	3
2129	1242	03-OCT-2023 04:26:56 PM	3	0	3
2130	1243	03-OCT-2023 04:27:40 PM	3	0	0
2131	1242	04-OCT-2023 08:02:36 AM	2	1	3
2132	1243	04-OCT-2023 08:03:06 AM	2	1	0
2133	1115	04-OCT-2023 02:20:31 PM	1	1	3
2134	1115	04-OCT-2023 02:22:09 PM	0	2	3
2135	1233	04-OCT-2023 10:02:58 PM	1	3	4
2136	1290	07-OCT-2023 12:19:07 PM	0	0	0
2137	1290	08-OCT-2023 10:23:09 AM	0	0	1
2138	1290	08-OCT-2023 10:23:39 AM	1	0	1
2139	1290	08-OCT-2023 10:27:10 AM	1	0	2
2140	1290	08-OCT-2023 10:27:48 AM	2	0	2
2141	133	08-OCT-2023 12:15:04 PM	1	1	3
2142	135	08-OCT-2023 12:16:03 PM	1	1	0
2143	133	08-OCT-2023 12:22:06 PM	0	2	3
2144	135	08-OCT-2023 12:23:32 PM	0	2	0
2145	133	08-OCT-2023 05:00:49 PM	0	2	2
2146	135	08-OCT-2023 05:01:33 PM	0	2	0
2147	1290	09-OCT-2023 08:44:52 AM	1	1	2
2148	840	09-OCT-2023 04:07:35 PM	1	1	3
2149	850	09-OCT-2023 04:07:54 PM	1	1	0
2150	744	15-OCT-2023 02:13:57 PM	1	2	4
2151	746	15-OCT-2023 02:14:56 PM	1	2	0
2152	744	15-OCT-2023 02:16:50 PM	0	3	4
2153	746	15-OCT-2023 02:17:47 PM	0	3	0
2154	1290	16-OCT-2023 03:14:52 PM	1	0	2
2155	841	20-OCT-2023 03:37:46 PM	1	3	6
2156	842	20-OCT-2023 03:38:44 PM	1	3	0
2157	841	20-OCT-2023 04:13:57 PM	0	4	6
2158	842	20-OCT-2023 04:14:43 PM	0	4	0
2159	841	20-OCT-2023 04:40:24 PM	0	4	6
2160	842	20-OCT-2023 04:40:58 PM	0	4	0
2161	1362	23-OCT-2023 10:04:23 AM	0	0	1
2162	1363	23-OCT-2023 10:09:11 AM	0	1	1
2163	1131	23-OCT-2023 01:12:07 PM	0	2	3
2164	1132	23-OCT-2023 01:14:12 PM	0	2	0
2165	1131	23-OCT-2023 04:51:31 PM	0	2	3
2166	1132	23-OCT-2023 04:52:48 PM	0	2	0
2167	431	29-OCT-2023 10:21:39 AM	2	1	3
2168	1081	29-OCT-2023 12:03:55 PM	1	1	3
2169	1081	29-OCT-2023 12:04:34 PM	0	2	3
2170	431	01-NOV-2023 09:23:04 AM	1	2	3
2171	1322	01-NOV-2023 11:12:28 AM	0	0	0
2172	431	02-NOV-2023 09:53:11 AM	0	3	3
2173	1322	02-NOV-2023 10:13:55 AM	0	0	1
2174	1322	02-NOV-2023 10:14:19 AM	10	0	1
2175	1190	03-NOV-2023 07:57:54 AM	0	1	1
2176	1191	03-NOV-2023 08:08:49 AM	0	1	1
2177	1322	04-NOV-2023 01:03:30 AM	9	1	1
2178	1322	04-NOV-2023 01:04:53 AM	8	2	1
2179	1421	09-NOV-2023 09:36:58 AM	0	0	0
2180	1421	09-NOV-2023 09:38:46 AM	0	0	1
2181	1421	09-NOV-2023 09:39:05 AM	1	0	1
2182	1421	10-NOV-2023 04:37:08 PM	0	1	1
2183	434	11-NOV-2023 05:06:57 PM	0	0	0
2184	434	12-NOV-2023 07:47:10 PM	0	0	1
2185	434	12-NOV-2023 07:48:16 PM	1	0	1
2186	1089	13-NOV-2023 12:16:20 PM	0	3	3
2187	1090	13-NOV-2023 12:16:48 PM	0	3	0
2188	1090	13-NOV-2023 12:16:48 PM	0	3	0
2189	434	13-NOV-2023 12:16:52 PM	0	1	1
2190	1130	15-NOV-2023 03:42:25 PM	2	0	3
2191	1133	15-NOV-2023 03:42:45 PM	2	0	0
2192	1130	15-NOV-2023 03:43:33 PM	1	1	3
2193	1133	15-NOV-2023 03:43:59 PM	1	1	0
2194	1130	15-NOV-2023 04:48:35 PM	1	1	3
2195	1133	15-NOV-2023 04:49:00 PM	1	1	0
2196	2660	04-DEC-2023 08:31:55 PM	0	0	0
2197	2660	05-DEC-2023 08:33:16 PM	0	0	1
2198	223	09-DEC-2023 01:09:03 PM	2	0	3
2199	223	09-DEC-2023 01:11:16 PM	1	1	3
1438	775	10-MAY-2023 09:03:14 AM	0	1	0
1439	141	06-JUL-2023 07:34:22 AM	2	1	0
1440	14	23-JUL-2023 08:02:13 AM	1	1	3
1441	14	23-JUL-2023 08:02:54 AM	2	1	3
1442	24	23-JUL-2023 08:03:42 AM	2	1	0
1443	14	23-JUL-2023 08:21:47 AM	2	1	4
1444	14	23-JUL-2023 08:22:34 AM	3	1	4
1445	24	23-JUL-2023 08:23:16 AM	3	1	0
1446	14	23-JUL-2023 08:42:44 AM	3	1	5
1447	14	23-JUL-2023 08:43:31 AM	4	1	0
1448	14	23-JUL-2023 08:43:31 AM	4	1	5
1449	14	25-JUL-2023 08:18:11 AM	3	2	5
1450	24	25-JUL-2023 08:20:42 AM	3	2	0
1451	1184	22-AUG-2023 08:48:22 AM	0	0	0
1452	1184	22-AUG-2023 08:48:49 AM	0	0	1
1453	1184	22-AUG-2023 08:49:02 AM	1	0	1
1454	1184	22-AUG-2023 08:50:57 AM	1	0	2
1455	1184	22-AUG-2023 08:51:12 AM	2	0	2
1456	1184	22-AUG-2023 08:53:08 AM	2	0	3
1457	1184	22-AUG-2023 08:53:23 AM	3	0	3
1458	1184	22-AUG-2023 04:41:47 PM	2	1	3
1459	782	22-AUG-2023 04:48:11 PM	1	2	0
1460	1184	22-AUG-2023 04:51:13 PM	1	2	3
1461	1184	22-AUG-2023 04:51:48 PM	0	3	3
1462	776	22-AUG-2023 04:55:29 PM	0	3	4
1463	780	22-AUG-2023 04:56:04 PM	0	2	4
3984	1382	12-FEB-2024 10:45:46 AM	1	0	1
3985	1383	12-FEB-2024 10:45:46 AM	1	0	0
1464	776	22-AUG-2023 04:56:06 PM	0	3	5
1465	776	22-AUG-2023 04:56:46 PM	0	3	6
1466	780	22-AUG-2023 04:57:41 PM	1	2	4
1467	780	22-AUG-2023 04:58:47 PM	1	2	5
1468	776	22-AUG-2023 04:59:20 PM	1	3	6
1469	781	22-AUG-2023 05:00:12 PM	1	3	0
1470	776	22-AUG-2023 05:01:33 PM	2	3	6
1471	780	22-AUG-2023 05:02:20 PM	2	2	5
1472	782	22-AUG-2023 05:02:31 PM	2	3	0
1473	782	22-AUG-2023 05:02:31 PM	2	2	0
1474	781	22-AUG-2023 05:02:31 PM	2	3	0
1475	780	22-AUG-2023 05:03:33 PM	2	2	6
1476	776	22-AUG-2023 05:03:56 PM	3	3	6
1477	781	22-AUG-2023 05:04:49 PM	3	3	0
1478	782	22-AUG-2023 05:04:49 PM	3	3	0
1479	782	22-AUG-2023 05:04:49 PM	3	2	0
1480	780	22-AUG-2023 05:04:56 PM	3	2	6
1481	776	23-AUG-2023 07:20:39 PM	2	4	6
1482	781	23-AUG-2023 07:21:53 PM	2	4	0
1483	782	23-AUG-2023 07:21:53 PM	2	4	0
1484	776	23-AUG-2023 07:22:41 PM	1	5	6
1485	1115	23-AUG-2023 07:22:41 PM	1	5	6
1486	781	23-AUG-2023 07:23:48 PM	1	5	0
1487	782	23-AUG-2023 07:23:48 PM	1	5	0
1488	776	30-AUG-2023 02:13:38 PM	1	4	6
1489	1115	30-AUG-2023 02:13:38 PM	1	4	6
1490	782	30-AUG-2023 02:14:23 PM	1	4	0
1491	781	30-AUG-2023 02:14:23 PM	1	4	0
1492	782	30-AUG-2023 02:14:23 PM	1	4	0
1493	776	30-AUG-2023 08:17:55 PM	0	5	6
1494	1115	30-AUG-2023 08:17:55 PM	0	5	6
1495	782	30-AUG-2023 08:19:29 PM	0	5	0
1496	781	30-AUG-2023 08:19:29 PM	0	5	0
1497	1139	31-AUG-2023 02:23:51 PM	0	3	4
1498	1139	31-AUG-2023 02:24:11 PM	0	3	5
1499	1139	31-AUG-2023 02:24:25 PM	0	3	6
1500	1139	31-AUG-2023 03:34:50 PM	1	3	6
1501	1139	31-AUG-2023 04:57:31 PM	2	4	6
1502	782	01-SEP-2023 07:21:53 AM	2	3	0
1503	780	01-SEP-2023 07:20:39 PM	2	3	6
1504	1192	03-SEP-2023 08:14:59 AM	0	1	1
1505	1080	03-SEP-2023 12:18:21 PM	0	0	0
1506	2080	03-SEP-2023 12:59:03 PM	0	0	0
1507	3080	03-SEP-2023 01:49:02 PM	0	0	0
1508	1080	04-SEP-2023 09:12:45 AM	0	0	1
1509	1080	04-SEP-2023 09:12:51 AM	1	0	1
1510	2080	04-SEP-2023 09:14:53 AM	0	0	1
1511	2080	04-SEP-2023 09:15:00 AM	1	0	1
1512	3080	04-SEP-2023 09:16:14 AM	0	0	1
1513	3080	04-SEP-2023 09:16:23 AM	1	0	1
1514	1080	05-SEP-2023 02:02:55 PM	0	1	1
1515	2080	05-SEP-2023 02:04:46 PM	0	1	1
1516	3080	05-SEP-2023 02:05:40 PM	0	1	1
1517	1120	10-SEP-2023 08:48:11 AM	0	0	0
1518	1117	10-SEP-2023 08:49:07 AM	0	0	0
1519	780	10-SEP-2023 02:14:13 PM	2	2	6
1520	782	10-SEP-2023 02:14:39 PM	2	2	0
1521	1120	10-SEP-2023 04:49:21 PM	0	0	1
1522	1120	10-SEP-2023 04:49:32 PM	1	0	1
1523	1117	10-SEP-2023 04:49:43 PM	1	0	0
1524	1120	10-SEP-2023 04:50:46 PM	1	0	2
1525	1120	10-SEP-2023 04:50:52 PM	2	0	2
1526	1117	10-SEP-2023 04:51:01 PM	2	0	0
1527	1120	10-SEP-2023 04:51:20 PM	2	0	3
1528	1120	10-SEP-2023 04:51:33 PM	3	0	3
1529	1117	10-SEP-2023 04:51:44 PM	3	0	0
1530	1342	10-SEP-2023 05:24:21 PM	0	0	0
1531	1343	10-SEP-2023 05:54:33 PM	0	0	0
1532	1344	10-SEP-2023 06:25:41 PM	0	0	0
1533	1345	10-SEP-2023 06:33:16 PM	0	0	0
1534	1120	11-SEP-2023 07:20:07 AM	2	1	3
1535	1117	11-SEP-2023 07:21:45 AM	2	1	0
1536	1120	11-SEP-2023 07:22:42 AM	1	2	3
1537	1117	11-SEP-2023 07:23:39 AM	1	2	0
1538	1342	11-SEP-2023 07:27:45 AM	0	0	1
1539	1342	11-SEP-2023 07:29:04 AM	1	0	1
1540	1343	11-SEP-2023 07:31:58 AM	0	0	1
1541	1343	11-SEP-2023 07:32:59 AM	1	0	1
1542	1344	11-SEP-2023 08:01:47 AM	0	0	1
1543	1344	11-SEP-2023 08:02:11 AM	1	0	1
1544	1161	11-SEP-2023 08:48:35 AM	0	0	0
1545	1186	11-SEP-2023 08:49:24 AM	0	0	0
1546	1121	11-SEP-2023 09:12:03 AM	0	0	0
1547	1343	11-SEP-2023 04:14:49 PM	0	1	1
1548	1161	11-SEP-2023 04:49:23 PM	0	0	1
1549	1161	11-SEP-2023 04:49:36 PM	1	0	1
1550	1186	11-SEP-2023 04:49:50 PM	1	0	0
1551	1161	11-SEP-2023 04:50:48 PM	1	0	2
1552	1161	11-SEP-2023 04:51:01 PM	2	0	2
1553	1186	11-SEP-2023 04:51:16 PM	2	0	0
1554	1161	11-SEP-2023 04:51:26 PM	2	0	3
1555	1161	11-SEP-2023 04:51:40 PM	3	0	3
1556	1186	11-SEP-2023 04:51:56 PM	3	0	0
1557	1345	11-SEP-2023 08:25:53 PM	0	0	1
1558	1345	11-SEP-2023 08:26:36 PM	1	0	1
1559	1139	12-SEP-2023 02:29:24 AM	0	0	0
1560	1139	12-SEP-2023 02:29:26 AM	0	0	0
1561	1139	12-SEP-2023 02:29:27 AM	0	0	0
1562	1161	12-SEP-2023 07:23:53 AM	1	2	3
1563	1186	12-SEP-2023 07:25:43 AM	1	2	0
1564	347	12-SEP-2023 03:27:40 PM	1	1	3
1565	743	12-SEP-2023 04:13:33 PM	0	0	0
1566	1161	12-SEP-2023 07:20:10 PM	2	1	3
1567	1186	12-SEP-2023 07:21:51 PM	2	1	0
1568	756	13-SEP-2023 07:08:03 AM	0	1	2
1569	756	13-SEP-2023 07:09:36 AM	1	1	2
1570	1107	13-SEP-2023 08:50:16 AM	0	0	0
1571	1108	13-SEP-2023 08:53:35 AM	0	0	0
1572	1121	13-SEP-2023 02:18:17 PM	0	0	1
1573	1121	13-SEP-2023 02:18:39 PM	1	0	1
1574	1343	13-SEP-2023 02:38:33 PM	0	0	1
1575	1344	13-SEP-2023 02:41:48 PM	0	1	1
1576	1121	13-SEP-2023 03:32:25 PM	1	0	2
1577	1121	13-SEP-2023 03:32:56 PM	2	0	2
1578	1121	13-SEP-2023 05:09:15 PM	2	0	3
1579	1121	13-SEP-2023 05:09:38 PM	3	0	3
1580	1107	14-SEP-2023 08:31:41 AM	0	0	1
1581	1107	14-SEP-2023 08:32:57 AM	1	0	1
1582	1121	14-SEP-2023 08:44:49 AM	1	2	3
1583	1108	14-SEP-2023 09:01:37 AM	0	0	1
1584	1081	14-SEP-2023 10:57:54 AM	0	0	0
1585	743	14-SEP-2023 01:56:48 PM	0	0	1
1586	743	14-SEP-2023 01:58:25 PM	1	0	1
1587	1121	14-SEP-2023 08:07:07 PM	2	1	3
1588	1112	15-SEP-2023 10:49:04 AM	0	0	0
1589	1113	15-SEP-2023 10:49:24 AM	0	0	0
1590	1345	15-SEP-2023 12:05:17 PM	0	1	1
1591	1161	15-SEP-2023 02:12:25 PM	1	1	3
1592	1186	15-SEP-2023 02:14:07 PM	1	1	0
1593	1081	15-SEP-2023 04:49:56 PM	0	0	1
1594	1081	15-SEP-2023 04:50:10 PM	1	0	1
1595	1081	15-SEP-2023 04:50:53 PM	1	0	2
1596	1081	15-SEP-2023 04:51:04 PM	2	0	2
1597	1081	15-SEP-2023 04:51:19 PM	2	0	3
1598	1081	15-SEP-2023 04:51:28 PM	3	0	3
1599	1161	15-SEP-2023 08:13:39 PM	0	2	3
1600	1186	15-SEP-2023 08:18:58 PM	0	2	0
1601	1161	16-SEP-2023 08:03:59 AM	0	2	3
1602	1186	16-SEP-2023 08:06:33 AM	0	2	0
1603	1081	16-SEP-2023 07:20:16 PM	2	1	3
1604	841	17-SEP-2023 09:06:15 AM	0	0	0
1605	842	17-SEP-2023 09:07:09 AM	0	0	0
1606	841	17-SEP-2023 01:09:59 PM	0	0	1
1607	841	17-SEP-2023 01:10:13 PM	1	0	1
1608	842	17-SEP-2023 01:10:24 PM	1	0	0
1609	841	17-SEP-2023 01:14:26 PM	1	0	2
1610	841	17-SEP-2023 01:14:38 PM	2	0	2
1611	842	17-SEP-2023 01:14:50 PM	2	0	0
1612	841	17-SEP-2023 01:19:15 PM	2	0	3
1613	841	17-SEP-2023 01:19:29 PM	3	0	3
1614	842	17-SEP-2023 01:19:40 PM	3	0	0
1615	1112	17-SEP-2023 02:49:16 PM	0	0	1
1616	1112	17-SEP-2023 02:49:34 PM	1	0	1
1617	1113	17-SEP-2023 02:49:51 PM	1	0	0
1618	1112	17-SEP-2023 02:50:48 PM	1	0	2
1619	1112	17-SEP-2023 02:50:54 PM	2	0	2
1620	1113	17-SEP-2023 02:51:03 PM	2	0	0
1621	1112	17-SEP-2023 02:51:20 PM	2	0	3
1622	1112	17-SEP-2023 02:51:39 PM	3	0	3
1623	1113	17-SEP-2023 02:51:58 PM	3	0	0
1624	1120	18-SEP-2023 07:42:48 AM	1	1	3
1625	1117	18-SEP-2023 07:44:06 AM	1	1	0
1626	1120	18-SEP-2023 08:14:43 AM	0	2	3
1627	1117	18-SEP-2023 08:18:51 AM	0	2	0
1628	1121	18-SEP-2023 02:14:59 PM	1	1	3
1629	1121	18-SEP-2023 02:16:56 PM	0	2	3
1630	841	18-SEP-2023 02:49:49 PM	2	1	3
1631	842	18-SEP-2023 02:50:14 PM	2	1	0
1632	841	18-SEP-2023 02:56:03 PM	1	2	3
1633	842	18-SEP-2023 02:56:35 PM	1	2	0
1634	1112	18-SEP-2023 07:20:32 PM	2	1	3
1635	1113	18-SEP-2023 07:21:21 PM	2	1	0
1636	1112	18-SEP-2023 07:22:35 PM	1	2	3
1637	1113	18-SEP-2023 07:23:40 PM	1	2	0
1638	1238	19-SEP-2023 03:13:41 PM	0	0	0
1639	1240	19-SEP-2023 03:14:42 PM	0	0	0
1640	1156	19-SEP-2023 04:01:35 PM	0	0	0
1641	1158	19-SEP-2023 04:07:07 PM	0	0	0
1642	897	19-SEP-2023 08:08:51 PM	0	0	0
1643	898	19-SEP-2023 08:09:19 PM	0	0	0
1644	1151	20-SEP-2023 08:14:46 AM	0	0	0
1645	1152	20-SEP-2023 08:16:40 AM	0	0	0
1646	1115	20-SEP-2023 08:57:18 AM	0	0	0
1647	1156	20-SEP-2023 09:02:08 AM	0	0	1
1648	1156	20-SEP-2023 09:02:27 AM	1	0	1
1649	1156	20-SEP-2023 09:04:32 AM	1	0	2
1650	1156	20-SEP-2023 09:04:53 AM	2	0	2
1651	1156	20-SEP-2023 09:06:19 AM	2	0	3
1652	1156	20-SEP-2023 09:06:46 AM	3	0	3
1653	1151	20-SEP-2023 09:22:18 AM	0	0	1
1654	1151	20-SEP-2023 09:22:56 AM	1	0	1
1655	1152	20-SEP-2023 09:23:48 AM	1	0	0
1656	1151	20-SEP-2023 09:25:53 AM	1	0	2
1657	1151	20-SEP-2023 09:26:54 AM	2	0	2
1658	1152	20-SEP-2023 09:27:47 AM	2	0	0
1659	1151	20-SEP-2023 09:29:16 AM	2	0	3
1660	1151	20-SEP-2023 09:29:51 AM	3	0	3
1661	1152	20-SEP-2023 09:30:41 AM	3	0	0
1662	1238	20-SEP-2023 09:35:39 AM	0	0	1
1663	1238	20-SEP-2023 09:35:57 AM	1	0	1
1664	1240	20-SEP-2023 09:36:15 AM	1	0	0
1665	1238	20-SEP-2023 09:38:48 AM	1	0	2
1666	1238	20-SEP-2023 09:39:03 AM	2	0	2
1667	1240	20-SEP-2023 09:39:20 AM	2	0	0
1668	1238	20-SEP-2023 09:40:23 AM	2	0	3
1669	1238	20-SEP-2023 09:40:49 AM	3	0	3
1670	1240	20-SEP-2023 09:41:14 AM	3	0	0
1671	897	20-SEP-2023 10:47:52 AM	0	0	1
1672	897	20-SEP-2023 10:48:06 AM	1	0	1
1673	898	20-SEP-2023 10:48:23 AM	1	0	0
1674	897	20-SEP-2023 10:49:58 AM	1	0	2
1675	897	20-SEP-2023 10:50:12 AM	2	0	2
1676	898	20-SEP-2023 10:50:35 AM	2	0	0
1677	897	20-SEP-2023 10:51:57 AM	2	0	3
1678	897	20-SEP-2023 10:52:18 AM	3	0	3
1679	898	20-SEP-2023 10:52:39 AM	3	0	0
1680	1111	20-SEP-2023 11:26:07 AM	0	0	0
1681	133	20-SEP-2023 02:26:45 PM	0	0	0
1682	135	20-SEP-2023 02:29:24 PM	0	0	0
1683	1156	21-SEP-2023 07:20:17 AM	2	1	3
1684	1111	21-SEP-2023 07:46:10 AM	0	0	1
1685	1111	21-SEP-2023 07:46:41 AM	1	0	1
1686	1111	21-SEP-2023 07:48:22 AM	1	0	2
1687	1111	21-SEP-2023 07:48:47 AM	2	0	2
1688	1111	21-SEP-2023 07:50:50 AM	2	0	3
1689	1111	21-SEP-2023 07:51:09 AM	3	0	3
1690	1111	21-SEP-2023 08:13:29 AM	2	1	3
1691	1111	21-SEP-2023 08:21:34 AM	1	2	3
1692	897	21-SEP-2023 09:54:01 AM	1	2	3
1693	898	21-SEP-2023 09:57:56 AM	1	2	0
1694	1111	21-SEP-2023 12:05:51 PM	1	1	3
1695	1111	21-SEP-2023 12:51:48 PM	0	2	3
1696	1111	21-SEP-2023 03:36:44 PM	0	2	3
1697	1115	21-SEP-2023 04:49:41 PM	0	0	1
1698	1115	21-SEP-2023 04:50:18 PM	1	0	1
1699	1115	21-SEP-2023 04:52:13 PM	1	0	2
1700	1115	21-SEP-2023 04:52:36 PM	2	0	2
1701	1115	21-SEP-2023 04:54:21 PM	2	0	3
1702	1115	21-SEP-2023 04:54:53 PM	3	0	3
1703	1131	21-SEP-2023 06:42:02 PM	0	0	0
1704	1132	21-SEP-2023 06:44:05 PM	0	0	0
1705	1325	21-SEP-2023 07:10:51 PM	0	0	0
1706	1326	21-SEP-2023 07:11:53 PM	0	0	0
1707	749	21-SEP-2023 08:01:02 PM	0	0	0
1708	897	21-SEP-2023 09:52:07 PM	2	1	3
1709	898	21-SEP-2023 09:52:43 PM	2	1	0
1710	1557	22-SEP-2023 03:03:18 AM	0	0	0
1711	749	22-SEP-2023 07:34:35 AM	0	0	1
1712	749	22-SEP-2023 07:34:50 AM	1	0	1
1713	749	22-SEP-2023 07:35:37 AM	1	0	2
1714	749	22-SEP-2023 07:35:56 AM	2	0	2
1715	749	22-SEP-2023 07:36:44 AM	2	0	3
1716	749	22-SEP-2023 07:37:17 AM	3	0	3
1717	133	22-SEP-2023 07:46:37 AM	0	0	1
1718	133	22-SEP-2023 07:47:41 AM	1	0	1
1719	135	22-SEP-2023 07:48:42 AM	1	0	0
1720	133	22-SEP-2023 07:50:19 AM	1	0	2
1721	133	22-SEP-2023 07:51:23 AM	2	0	2
1722	135	22-SEP-2023 07:51:46 AM	2	0	0
1723	133	22-SEP-2023 07:54:03 AM	2	0	3
1724	133	22-SEP-2023 07:55:21 AM	3	0	3
1725	135	22-SEP-2023 07:55:45 AM	3	0	0
1726	1130	22-SEP-2023 08:48:17 AM	0	0	0
1727	1135	22-SEP-2023 08:48:35 AM	0	0	0
1728	1142	22-SEP-2023 08:49:14 AM	0	0	0
1729	1133	22-SEP-2023 08:51:08 AM	0	0	0
1730	1130	22-SEP-2023 09:05:40 AM	0	0	1
1731	1130	22-SEP-2023 09:05:57 AM	1	0	1
1732	1133	22-SEP-2023 09:06:27 AM	1	0	0
1733	1130	22-SEP-2023 09:08:44 AM	1	0	2
1734	1130	22-SEP-2023 09:08:58 AM	2	0	2
1735	1133	22-SEP-2023 09:09:14 AM	2	0	0
1736	1130	22-SEP-2023 09:11:30 AM	2	0	3
1737	1130	22-SEP-2023 09:11:56 AM	3	0	3
1738	1133	22-SEP-2023 09:12:25 AM	3	0	0
1739	1325	22-SEP-2023 10:42:26 AM	0	0	1
1740	1325	22-SEP-2023 10:42:49 AM	1	0	1
1741	1326	22-SEP-2023 10:42:49 AM	2	1	0
1742	1326	22-SEP-2023 10:43:04 AM	1	0	0
1743	1325	22-SEP-2023 10:46:19 AM	1	0	2
1744	1325	22-SEP-2023 10:47:03 AM	2	0	2
1745	1326	22-SEP-2023 10:47:43 AM	2	0	0
1746	1325	22-SEP-2023 10:48:42 AM	2	0	3
1747	1325	22-SEP-2023 10:49:20 AM	3	0	3
1748	1135	22-SEP-2023 10:49:30 AM	0	0	1
1749	1326	22-SEP-2023 10:49:52 AM	3	0	0
1750	1135	22-SEP-2023 10:49:54 AM	1	0	1
1751	1142	22-SEP-2023 10:50:10 AM	1	0	0
1752	1135	22-SEP-2023 10:50:57 AM	1	0	2
1753	1135	22-SEP-2023 10:51:12 AM	2	0	2
1754	1142	22-SEP-2023 10:51:28 AM	2	0	0
1755	1135	22-SEP-2023 10:51:29 AM	2	0	3
1756	1135	22-SEP-2023 10:52:03 AM	3	0	3
1757	1142	22-SEP-2023 10:52:41 AM	3	0	0
1758	1131	22-SEP-2023 11:10:52 AM	0	0	1
1759	1131	22-SEP-2023 11:11:11 AM	1	0	1
1760	1132	22-SEP-2023 11:11:34 AM	1	0	0
1761	1131	22-SEP-2023 11:13:25 AM	1	0	2
1762	1131	22-SEP-2023 11:13:38 AM	2	0	2
1763	1132	22-SEP-2023 11:13:52 AM	2	0	0
1764	1131	22-SEP-2023 11:16:39 AM	2	0	3
1765	1131	22-SEP-2023 11:16:51 AM	3	0	3
1766	1132	22-SEP-2023 11:17:09 AM	3	0	0
1767	92	22-SEP-2023 04:33:10 PM	0	0	0
1768	841	22-SEP-2023 09:10:07 PM	1	1	3
1769	842	22-SEP-2023 09:10:36 PM	0	2	0
1770	842	22-SEP-2023 09:10:36 PM	1	1	0
1771	841	22-SEP-2023 09:12:05 PM	0	2	3
1772	1171	22-SEP-2023 10:13:58 PM	0	0	0
1773	1172	22-SEP-2023 10:15:27 PM	0	0	0
1774	1179	22-SEP-2023 11:11:11 PM	0	0	0
1775	1135	23-SEP-2023 07:20:37 AM	2	1	3
1776	1142	23-SEP-2023 07:22:05 AM	2	1	0
1777	1135	23-SEP-2023 07:23:23 AM	1	2	3
960	812	28-NOV-2022 08:29:11 AM	3	0	3
961	814	28-NOV-2022 08:29:57 AM	3	0	0
962	812	29-NOV-2022 11:38:53 AM	2	1	3
963	814	29-NOV-2022 11:39:29 AM	2	1	0
964	347	29-NOV-2022 02:48:51 PM	1	1	3
965	812	30-NOV-2022 02:20:45 PM	1	2	3
966	814	30-NOV-2022 02:21:07 PM	1	2	0
967	347	30-NOV-2022 04:39:49 PM	1	1	2
968	641	23-DEC-2022 10:15:30 AM	3	2	2
969	641	23-DEC-2022 10:15:30 AM	1	0	1
970	641	23-DEC-2022 10:15:30 AM	1	0	0
971	823	24-DEC-2022 11:27:48 AM	1	1	3
972	824	24-DEC-2022 11:27:57 AM	1	1	0
973	823	24-DEC-2022 11:28:59 AM	1	1	2
974	822	24-DEC-2022 11:29:04 AM	1	1	0
975	779	28-DEC-2022 08:31:11 AM	0	0	0
976	778	28-DEC-2022 08:32:15 AM	0	0	0
977	802	01-JAN-2023 09:06:43 AM	1	0	0
978	695	02-JAN-2023 08:15:45 AM	3	0	0
979	695	03-JAN-2023 07:35:02 AM	2	0	1
980	695	03-JAN-2023 07:36:02 AM	2	1	1
981	644	03-JAN-2023 01:38:00 PM	1	0	0
982	644	03-JAN-2023 01:42:00 PM	2	0	0
983	644	03-JAN-2023 01:55:00 PM	3	0	0
984	695	04-JAN-2023 08:12:00 AM	1	1	2
985	695	04-JAN-2023 08:12:58 AM	1	2	2
986	779	04-JAN-2023 10:37:44 AM	0	0	1
987	779	04-JAN-2023 10:38:16 AM	1	0	1
988	778	04-JAN-2023 10:38:38 AM	1	0	0
989	779	04-JAN-2023 10:58:19 AM	1	0	2
990	779	04-JAN-2023 10:58:43 AM	2	0	2
991	778	04-JAN-2023 10:58:43 AM	2	0	0
992	779	04-JAN-2023 11:29:52 AM	2	0	3
993	779	04-JAN-2023 11:30:20 AM	3	0	3
994	778	04-JAN-2023 11:30:41 AM	3	0	0
995	668	05-JAN-2023 10:02:40 AM	0	0	0
996	668	06-JAN-2023 09:00:18 AM	0	0	1
997	668	06-JAN-2023 09:00:49 AM	1	0	1
998	668	06-JAN-2023 09:02:07 AM	1	0	2
999	668	06-JAN-2023 09:02:51 AM	2	0	2
1000	668	06-JAN-2023 09:03:24 AM	2	0	3
1001	668	06-JAN-2023 09:03:55 AM	3	0	3
1002	668	06-JAN-2023 09:04:51 AM	3	0	4
1003	668	06-JAN-2023 09:05:28 AM	4	0	4
1004	651	09-JAN-2023 09:46:53 AM	1	0	0
1005	651	09-JAN-2023 09:50:53 AM	2	0	0
1006	651	09-JAN-2023 09:55:53 AM	3	0	0
1007	644	10-JAN-2023 08:58:00 AM	2	1	1
1008	644	10-JAN-2023 08:58:00 AM	2	1	2
1009	644	10-JAN-2023 09:00:00 AM	2	1	0
1010	644	10-JAN-2023 09:00:00 AM	2	1	3
1011	769	10-JAN-2023 10:25:44 AM	0	0	0
1012	769	10-JAN-2023 02:02:26 PM	0	0	1
1013	769	10-JAN-2023 02:02:51 PM	1	0	1
1014	769	10-JAN-2023 02:36:35 PM	1	0	2
1015	769	10-JAN-2023 02:37:03 PM	2	0	2
1016	769	10-JAN-2023 02:43:52 PM	2	0	3
1017	769	10-JAN-2023 02:44:24 PM	3	0	3
1018	801	11-JAN-2023 12:02:53 PM	0	0	0
1019	800	11-JAN-2023 12:03:35 PM	0	0	0
1020	800	11-JAN-2023 12:14:49 PM	0	0	1
1021	800	11-JAN-2023 12:15:18 PM	1	0	1
1022	801	11-JAN-2023 12:15:37 PM	1	0	0
1023	800	11-JAN-2023 12:22:54 PM	1	0	2
1024	800	11-JAN-2023 12:23:24 PM	2	0	2
1025	801	11-JAN-2023 12:23:57 PM	2	0	0
1026	800	11-JAN-2023 12:29:29 PM	2	0	3
1027	800	11-JAN-2023 12:30:09 PM	3	0	3
1028	801	11-JAN-2023 12:30:40 PM	3	0	0
1029	769	12-JAN-2023 07:32:26 AM	2	1	3
1030	769	12-JAN-2023 08:04:02 AM	1	2	3
1031	769	12-JAN-2023 08:30:17 AM	0	3	3
1032	779	12-JAN-2023 09:08:45 AM	2	1	3
1033	778	12-JAN-2023 09:09:25 AM	2	1	0
1034	779	12-JAN-2023 10:06:37 AM	1	2	3
1035	778	12-JAN-2023 10:07:03 AM	1	2	0
1036	800	13-JAN-2023 12:27:32 PM	1	2	3
1037	801	13-JAN-2023 12:27:58 PM	1	2	0
1038	769	13-JAN-2023 12:53:14 PM	0	2	3
1039	686	15-JAN-2023 12:00:00 AM	1	0	0
1040	686	15-JAN-2023 12:00:00 AM	2	0	0
1041	686	15-JAN-2023 12:00:00 AM	1	2	1
1042	686	15-JAN-2023 12:00:00 AM	2	1	0
1043	686	15-JAN-2023 12:00:00 AM	2	1	1
1044	686	15-JAN-2023 12:00:00 AM	3	0	0
1045	761	16-JAN-2023 08:20:42 AM	0	0	0
1046	762	16-JAN-2023 08:21:13 AM	0	0	0
1047	761	16-JAN-2023 09:06:28 AM	0	0	1
1048	761	16-JAN-2023 09:07:30 AM	1	0	1
1049	762	16-JAN-2023 09:08:08 AM	1	0	0
1050	761	16-JAN-2023 09:16:56 AM	1	0	2
1051	761	16-JAN-2023 09:17:16 AM	2	0	2
1052	762	16-JAN-2023 09:17:47 AM	2	0	0
1053	761	16-JAN-2023 09:27:02 AM	2	0	3
1054	761	16-JAN-2023 09:27:28 AM	3	0	3
1055	762	16-JAN-2023 09:27:56 AM	3	0	0
1056	651	16-JAN-2023 10:05:02 AM	2	1	0
1057	651	16-JAN-2023 10:10:02 AM	2	1	1
1058	779	17-JAN-2023 06:06:58 PM	1	1	3
1059	778	17-JAN-2023 06:07:18 PM	1	1	0
1060	779	18-JAN-2023 08:09:28 AM	0	2	3
1061	778	18-JAN-2023 08:09:52 AM	0	2	0
1062	815	18-JAN-2023 09:45:23 AM	0	0	0
1063	803	18-JAN-2023 09:47:03 AM	0	0	0
1064	798	18-JAN-2023 09:50:26 AM	0	0	0
1065	816	18-JAN-2023 09:51:35 AM	0	0	0
1066	813	18-JAN-2023 09:55:39 AM	0	0	0
1067	817	18-JAN-2023 09:56:24 AM	0	0	0
1068	761	18-JAN-2023 02:11:17 PM	2	1	3
1069	762	18-JAN-2023 02:11:49 PM	2	1	0
1070	668	18-JAN-2023 04:31:14 PM	3	1	4
1071	668	18-JAN-2023 06:33:16 PM	2	2	4
1072	1101	19-JAN-2023 10:00:00 AM	1	1	1
1073	800	19-JAN-2023 10:19:43 AM	1	1	3
1074	801	19-JAN-2023 10:20:00 AM	1	1	0
1075	815	19-JAN-2023 12:54:25 PM	0	0	1
1076	815	19-JAN-2023 12:54:53 PM	1	0	1
1077	803	19-JAN-2023 12:55:35 PM	1	0	0
1078	798	19-JAN-2023 12:57:50 PM	0	0	1
1079	798	19-JAN-2023 12:58:03 PM	1	0	1
1080	816	19-JAN-2023 12:58:34 PM	1	0	0
1081	813	19-JAN-2023 12:58:59 PM	0	0	1
1082	813	19-JAN-2023 12:59:33 PM	1	0	1
1083	817	19-JAN-2023 12:59:58 PM	1	0	0
1084	686	20-JAN-2023 12:00:00 AM	1	2	3
1085	686	20-JAN-2023 12:00:00 AM	1	2	2
1086	446	20-JAN-2023 08:17:45 AM	2	1	0
1087	446	20-JAN-2023 08:18:45 AM	1	1	10
1088	446	20-JAN-2023 08:20:45 AM	0	1	0
1089	1002	20-JAN-2023 12:15:05 PM	1	0	0
1090	1002	20-JAN-2023 12:15:05 PM	1	0	0
1091	1002	20-JAN-2023 12:15:05 PM	1	0	0
1092	800	20-JAN-2023 12:15:51 PM	1	1	2
1093	801	20-JAN-2023 12:16:07 PM	1	1	0
1094	689	21-JAN-2023 08:08:25 AM	1	0	0
1095	689	21-JAN-2023 08:10:25 AM	2	0	0
1096	689	21-JAN-2023 08:11:25 AM	3	0	0
1097	689	21-JAN-2023 08:12:25 AM	2	1	0
1098	689	21-JAN-2023 08:13:15 AM	2	1	1
1099	689	21-JAN-2023 08:35:14 AM	2	1	2
1100	689	21-JAN-2023 08:35:15 AM	2	1	3
1101	815	21-JAN-2023 11:14:58 AM	0	1	1
1102	803	21-JAN-2023 11:15:56 AM	0	1	0
1103	651	23-JAN-2023 10:05:02 AM	1	2	1
1104	651	23-JAN-2023 10:30:02 AM	1	2	2
1105	651	23-JAN-2023 11:30:02 AM	1	2	3
1106	1384	25-JAN-2023 10:28:46 AM	1	0	0
1107	1384	25-JAN-2023 10:28:46 AM	1	1	0
1108	1385	25-JAN-2023 10:29:46 AM	1	0	0
1109	1384	25-JAN-2023 10:30:46 AM	1	0	1
1110	1386	25-JAN-2023 10:31:46 AM	1	0	0
1111	1385	25-JAN-2023 10:35:46 AM	1	1	0
1112	1385	25-JAN-2023 10:40:46 AM	1	0	1
1113	689	27-JAN-2023 08:15:33 AM	1	2	3
1114	961	28-JAN-2023 09:40:08 AM	0	0	0
1115	351	28-JAN-2023 09:40:48 AM	0	0	0
1116	961	29-JAN-2023 11:04:01 AM	0	0	1
1117	961	29-JAN-2023 11:04:46 AM	1	0	1
1118	351	29-JAN-2023 11:05:16 AM	1	0	0
1119	961	29-JAN-2023 11:12:50 AM	1	0	2
1120	961	29-JAN-2023 11:13:22 AM	2	0	2
1122	961	29-JAN-2023 11:22:58 AM	2	0	3
1123	961	29-JAN-2023 11:23:13 AM	3	0	3
1124	351	29-JAN-2023 11:23:54 AM	3	0	0
1125	961	31-JAN-2023 02:31:14 PM	2	1	3
1126	351	31-JAN-2023 02:33:05 PM	2	1	0
1127	961	31-JAN-2023 03:26:16 PM	1	2	3
1128	351	31-JAN-2023 03:29:03 PM	1	2	0
1129	1598	01-FEB-2023 12:00:00 AM	1	0	0
1130	1598	01-FEB-2023 12:00:00 AM	2	0	0
1131	1598	01-FEB-2023 12:00:00 AM	3	0	0
1132	941	01-FEB-2023 06:30:00 AM	0	2	1
1133	621	01-FEB-2023 07:45:25 AM	0	0	0
1134	620	01-FEB-2023 07:45:42 AM	0	0	0
1135	766	01-FEB-2023 07:45:49 AM	0	0	0
1136	621	01-FEB-2023 07:46:14 AM	0	0	1
1137	621	01-FEB-2023 07:46:39 AM	1	0	1
1138	767	01-FEB-2023 07:46:44 AM	0	0	0
1139	620	01-FEB-2023 07:46:56 AM	1	0	0
1140	766	01-FEB-2023 07:47:57 AM	0	0	1
1141	621	01-FEB-2023 07:48:07 AM	1	0	2
1142	756	01-FEB-2023 07:48:28 AM	0	0	0
1143	621	01-FEB-2023 07:48:36 AM	2	0	2
1144	620	01-FEB-2023 07:48:59 AM	2	0	0
1145	766	01-FEB-2023 07:49:13 AM	1	0	1
1146	767	01-FEB-2023 07:49:54 AM	1	0	0
1147	815	01-FEB-2023 12:09:56 PM	0	0	1
1148	803	01-FEB-2023 12:11:00 PM	0	0	0
1149	813	01-FEB-2023 01:26:59 PM	0	1	1
1150	817	01-FEB-2023 01:27:47 PM	0	1	0
1151	800	01-FEB-2023 03:21:18 PM	0	2	2
1152	801	01-FEB-2023 03:21:35 PM	0	2	0
1153	689	02-FEB-2023 08:16:33 AM	2	1	3
1154	689	02-FEB-2023 08:18:33 AM	1	1	3
1155	689	02-FEB-2023 08:18:33 AM	1	1	2
1156	621	02-FEB-2023 08:46:18 AM	1	1	2
1157	620	02-FEB-2023 08:47:14 AM	1	1	0
1158	894	02-FEB-2023 09:10:28 AM	2	0	0
1159	796	02-FEB-2023 09:20:46 AM	0	0	0
1160	697	02-FEB-2023 11:02:54 AM	1	0	0
1161	697	02-FEB-2023 12:02:54 PM	0	1	0
1162	821	02-FEB-2023 12:15:28 PM	0	0	0
1163	822	02-FEB-2023 12:16:40 PM	0	0	0
1164	780	02-FEB-2023 12:22:03 PM	0	0	0
1165	782	02-FEB-2023 12:23:21 PM	0	0	0
1166	780	02-FEB-2023 12:26:34 PM	0	0	1
1167	780	02-FEB-2023 12:26:50 PM	1	0	1
1168	782	02-FEB-2023 12:27:27 PM	1	0	0
1169	780	02-FEB-2023 12:49:51 PM	1	0	2
1170	780	02-FEB-2023 12:50:31 PM	2	0	2
1171	782	02-FEB-2023 12:51:01 PM	2	0	0
1172	780	02-FEB-2023 01:08:35 PM	2	0	3
1173	780	02-FEB-2023 01:09:05 PM	3	0	3
1174	782	02-FEB-2023 01:09:41 PM	3	0	0
1175	815	02-FEB-2023 02:22:11 PM	0	0	0
1176	803	02-FEB-2023 02:23:04 PM	0	0	0
1177	756	02-FEB-2023 06:08:36 PM	0	0	1
1178	756	02-FEB-2023 06:08:53 PM	1	0	1
1179	695	02-FEB-2023 06:57:02 PM	0	2	2
1180	695	02-FEB-2023 06:57:02 PM	0	2	3
1181	1066	02-FEB-2023 06:58:59 PM	3	0	0
1182	694	02-FEB-2023 06:58:59 PM	0	1	1
1183	782	02-FEB-2023 06:59:53 PM	2	1	0
1184	756	02-FEB-2023 08:27:58 PM	0	1	1
1185	669	03-FEB-2023 07:00:00 AM	1	2	3
1186	670	03-FEB-2023 07:00:00 AM	1	2	3
1187	820	03-FEB-2023 07:45:29 AM	0	0	0
1188	819	03-FEB-2023 07:46:22 AM	0	0	0
1189	821	03-FEB-2023 09:10:38 AM	0	0	1
1190	821	03-FEB-2023 09:11:08 AM	1	0	1
1191	822	03-FEB-2023 09:11:32 AM	1	0	0
1192	821	03-FEB-2023 09:12:51 AM	1	0	2
1193	821	03-FEB-2023 09:13:16 AM	2	0	2
1194	822	03-FEB-2023 09:13:41 AM	2	0	0
1195	821	03-FEB-2023 09:15:31 AM	2	0	3
1196	821	03-FEB-2023 09:15:54 AM	3	0	3
1197	822	03-FEB-2023 09:16:11 AM	3	0	0
1198	796	03-FEB-2023 09:32:39 AM	0	0	1
1199	796	03-FEB-2023 09:33:03 AM	1	0	1
1200	796	03-FEB-2023 10:33:42 AM	1	0	2
1201	796	03-FEB-2023 10:34:12 AM	2	0	2
1202	796	03-FEB-2023 11:17:33 AM	2	0	3
1203	796	03-FEB-2023 11:17:54 AM	3	0	3
1204	780	03-FEB-2023 06:57:45 PM	2	0	3
1205	782	03-FEB-2023 06:58:14 PM	2	0	0
1206	821	03-FEB-2023 07:13:27 PM	2	1	3
1207	822	03-FEB-2023 07:13:56 PM	2	1	0
1208	821	03-FEB-2023 07:23:09 PM	1	2	3
1209	822	03-FEB-2023 07:23:45 PM	1	2	0
1210	780	04-FEB-2023 04:58:56 PM	1	1	3
1211	782	04-FEB-2023 04:59:12 PM	1	1	0
1212	820	04-FEB-2023 05:55:45 PM	0	0	1
1213	820	04-FEB-2023 05:56:10 PM	1	0	1
1214	819	04-FEB-2023 05:56:50 PM	1	0	0
1215	820	04-FEB-2023 06:00:12 PM	1	0	2
1216	820	04-FEB-2023 06:00:53 PM	2	0	2
1217	819	04-FEB-2023 06:01:47 PM	2	0	0
1218	820	04-FEB-2023 06:06:43 PM	2	0	3
1219	820	04-FEB-2023 06:07:26 PM	3	0	3
1220	819	04-FEB-2023 06:08:08 PM	3	0	0
1221	820	04-FEB-2023 06:12:21 PM	3	0	4
1222	820	04-FEB-2023 06:12:39 PM	4	0	4
1223	819	04-FEB-2023 06:12:57 PM	4	0	0
1224	1067	04-FEB-2023 06:58:59 PM	2	1	0
1225	1067	04-FEB-2023 06:58:59 PM	0	2	1
1226	714	05-FEB-2023 08:40:09 AM	2	1	0
1227	714	05-FEB-2023 09:31:09 AM	1	0	0
1228	714	05-FEB-2023 09:34:09 AM	1	0	0
1229	714	05-FEB-2023 09:36:09 AM	1	0	0
1230	796	05-FEB-2023 04:06:55 PM	2	1	3
1231	796	05-FEB-2023 04:15:40 PM	1	2	3
1232	820	05-FEB-2023 06:59:07 PM	3	1	4
1233	825	05-FEB-2023 06:59:25 PM	3	1	0
1234	845	05-FEB-2023 11:02:04 PM	1	0	0
1235	845	05-FEB-2023 11:03:13 PM	2	0	0
1236	845	05-FEB-2023 11:04:24 PM	3	0	0
1237	796	06-FEB-2023 08:20:19 AM	1	1	3
1238	796	06-FEB-2023 09:40:35 AM	0	2	3
1239	651	06-FEB-2023 10:30:02 AM	2	1	3
1240	1598	06-FEB-2023 11:00:00 AM	2	1	0
1241	651	06-FEB-2023 11:00:02 AM	2	1	2
1242	1598	06-FEB-2023 11:10:00 AM	2	1	1
1243	699	06-FEB-2023 12:02:54 PM	1	0	1
1244	699	06-FEB-2023 12:02:54 PM	0	0	1
1245	697	06-FEB-2023 12:02:54 PM	1	0	1
1246	1598	07-FEB-2023 09:10:00 AM	2	1	2
1247	1598	07-FEB-2023 09:40:00 AM	1	1	2
1248	1598	07-FEB-2023 10:10:00 AM	1	1	1
1249	700	07-FEB-2023 11:30:54 AM	1	0	0
1250	651	07-FEB-2023 11:50:02 AM	1	2	2
1251	697	07-FEB-2023 01:21:54 PM	2	1	0
1252	700	07-FEB-2023 01:21:54 PM	2	1	0
1253	7	07-FEB-2023 02:00:00 PM	7	3	3
1254	7	07-FEB-2023 02:00:00 PM	7	3	2
1255	1124	08-FEB-2023 12:00:00 AM	3	0	0
1256	1123	08-FEB-2023 12:00:00 AM	3	0	0
1257	1598	08-FEB-2023 11:00:00 AM	1	2	1
1258	1598	08-FEB-2023 11:10:00 AM	1	2	2
1259	780	10-FEB-2023 08:30:00 AM	2	1	3
1260	780	10-FEB-2023 08:31:12 AM	0	2	3
1261	782	10-FEB-2023 08:31:57 AM	0	2	0
1262	776	10-FEB-2023 09:09:54 AM	0	0	0
1263	781	10-FEB-2023 09:10:01 AM	0	0	0
1264	776	10-FEB-2023 09:15:15 AM	0	0	1
1265	776	10-FEB-2023 09:15:52 AM	0	0	2
1266	776	10-FEB-2023 09:16:26 AM	0	0	3
1267	776	10-FEB-2023 09:20:43 AM	1	0	3
1268	781	10-FEB-2023 09:21:26 AM	1	0	0
1269	776	10-FEB-2023 09:21:51 AM	2	0	3
1270	781	10-FEB-2023 09:22:15 AM	2	0	0
1271	776	10-FEB-2023 09:22:37 AM	3	0	3
1272	781	10-FEB-2023 09:22:57 AM	3	0	0
